Count;Season;gameId;Result;X;Y
2;nhl05.json;125;draw;10.0;8.0
5;nhl05.json;128;draw;4.0;10.0
8;nhl05.json;131;draw;12.0;8.0
12;nhl05.json;135;draw;7.0;5.0
14;nhl05.json;137;draw;10.0;7.0
15;nhl05.json;138;draw;4.0;16.0
16;nhl05.json;139;draw;11.0;9.0
20;nhl05.json;143;draw;9.0;12.0
21;nhl05.json;144;draw;12.0;14.0
31;nhl05.json;154;draw;6.0;11.0
36;nhl05.json;159;draw;11.0;9.0
43;nhl05.json;166;draw;11.0;17.0
45;nhl05.json;168;draw;12.0;10.0
52;nhl05.json;175;draw;10.0;13.0
53;nhl05.json;176;draw;12.0;7.0
54;nhl05.json;177;draw;17.0;13.0
60;nhl05.json;183;draw;6.0;6.0
61;nhl05.json;184;draw;13.0;17.0
68;nhl05.json;191;draw;24.0;13.0
74;nhl05.json;197;draw;8.0;8.0
79;nhl05.json;202;draw;15.0;15.0
84;nhl05.json;207;draw;17.0;13.0
86;nhl05.json;209;draw;18.0;18.0
88;nhl05.json;211;draw;15.0;15.0
94;nhl05.json;217;draw;8.0;15.0
95;nhl05.json;218;draw;16.0;16.0
100;nhl05.json;223;draw;17.0;18.0
107;nhl05.json;230;draw;14.0;19.0
108;nhl05.json;231;draw;27.0;20.0
114;nhl05.json;237;draw;13.0;25.0
126;nhl05.json;249;draw;17.0;19.0
133;nhl05.json;256;draw;26.0;18.0
136;nhl05.json;259;draw;18.0;17.0
142;nhl05.json;265;draw;15.0;16.0
145;nhl05.json;268;draw;12.0;18.0
149;nhl05.json;272;draw;27.0;15.0
153;nhl05.json;276;draw;23.0;16.0
161;nhl05.json;284;draw;21.0;31.0
165;nhl05.json;288;draw;24.0;15.0
171;nhl05.json;294;draw;18.0;20.0
186;nhl05.json;309;draw;23.0;19.0
187;nhl05.json;310;draw;24.0;26.0
192;nhl05.json;315;draw;29.0;17.0
194;nhl05.json;317;draw;22.0;29.0
196;nhl05.json;319;draw;16.0;25.0
198;nhl05.json;321;draw;22.0;23.0
214;nhl05.json;337;draw;29.0;26.0
215;nhl05.json;338;draw;30.0;27.0
220;nhl05.json;343;draw;27.0;31.0
225;nhl05.json;348;draw;33.0;17.0
236;nhl05.json;359;draw;22.0;31.0
246;nhl05.json;369;draw;22.0;12.0
254;nhl05.json;377;draw;32.0;31.0
259;nhl05.json;382;draw;31.0;20.0
261;nhl05.json;384;draw;33.0;33.0
266;nhl05.json;389;draw;26.0;23.0
267;nhl05.json;390;draw;35.0;33.0
269;nhl05.json;392;draw;20.0;21.0
270;nhl05.json;393;draw;31.0;23.0
282;nhl05.json;405;draw;34.0;35.0
289;nhl05.json;412;draw;22.0;39.0
296;nhl05.json;419;draw;14.0;29.0
297;nhl05.json;420;draw;35.0;28.0
300;nhl05.json;423;draw;36.0;42.0
301;nhl05.json;424;draw;28.0;33.0
304;nhl05.json;427;draw;13.0;42.0
308;nhl05.json;431;draw;30.0;34.0
311;nhl05.json;434;draw;38.0;43.0
312;nhl05.json;435;draw;25.0;24.0
314;nhl05.json;437;draw;16.0;29.0
315;nhl05.json;438;draw;25.0;32.0
323;nhl05.json;446;draw;30.0;35.0
333;nhl05.json;456;draw;32.0;28.0
336;nhl05.json;459;draw;24.0;44.0
341;nhl05.json;464;draw;22.0;41.0
343;nhl05.json;466;draw;33.0;37.0
345;nhl05.json;468;draw;42.0;38.0
351;nhl05.json;474;draw;28.0;37.0
360;nhl05.json;483;draw;43.0;41.0
362;nhl05.json;485;draw;42.0;45.0
368;nhl05.json;491;draw;38.0;48.0
369;nhl05.json;492;draw;47.0;18.0
378;nhl05.json;501;draw;32.0;22.0
386;nhl05.json;509;draw;44.0;42.0
389;nhl05.json;512;draw;34.0;18.0
397;nhl05.json;520;draw;28.0;49.0
402;nhl05.json;525;draw;39.0;48.0
406;nhl05.json;529;draw;30.0;47.0
408;nhl05.json;531;draw;19.0;29.0
411;nhl05.json;534;draw;26.0;30.0
412;nhl05.json;535;draw;23.0;41.0
415;nhl05.json;538;draw;37.0;49.0
427;nhl05.json;550;draw;43.0;51.0
430;nhl05.json;553;draw;49.0;51.0
432;nhl05.json;555;draw;40.0;49.0
440;nhl05.json;563;draw;27.0;53.0
441;nhl05.json;564;draw;22.0;38.0
442;nhl05.json;565;draw;26.0;48.0
454;nhl05.json;577;draw;47.0;28.0
457;nhl05.json;580;draw;52.0;49.0
460;nhl05.json;583;draw;49.0;43.0
468;nhl05.json;591;draw;36.0;37.0
472;nhl05.json;595;draw;50.0;56.0
483;nhl05.json;606;draw;52.0;42.0
486;nhl05.json;609;draw;49.0;52.0
494;nhl05.json;617;draw;47.0;25.0
497;nhl05.json;620;draw;29.0;38.0
505;nhl05.json;628;draw;30.0;30.0
513;nhl05.json;636;draw;46.0;57.0
518;nhl05.json;641;draw;55.0;52.0
523;nhl05.json;646;draw;56.0;42.0
529;nhl05.json;652;draw;60.0;58.0
530;nhl05.json;653;draw;45.0;31.0
532;nhl05.json;655;draw;62.0;53.0
536;nhl05.json;659;draw;42.0;30.0
540;nhl05.json;663;draw;38.0;60.0
542;nhl05.json;665;draw;34.0;47.0
550;nhl05.json;673;draw;39.0;46.0
553;nhl05.json;676;draw;63.0;64.0
556;nhl05.json;679;draw;35.0;40.0
560;nhl05.json;683;draw;35.0;25.0
562;nhl05.json;685;draw;47.0;53.0
565;nhl05.json;688;draw;65.0;47.0
566;nhl05.json;689;draw;61.0;51.0
574;nhl05.json;697;draw;34.0;26.0
580;nhl05.json;703;draw;53.0;42.0
582;nhl05.json;705;draw;60.0;48.0
585;nhl05.json;708;draw;43.0;59.0
586;nhl05.json;709;draw;48.0;55.0
594;nhl05.json;717;draw;61.0;51.0
600;nhl05.json;723;draw;53.0;43.0
605;nhl05.json;728;draw;67.0;66.0
610;nhl05.json;733;draw;45.0;70.0
611;nhl05.json;734;draw;64.0;29.0
615;nhl05.json;738;draw;54.0;57.0
619;nhl05.json;742;draw;43.0;33.0
623;nhl05.json;746;draw;59.0;66.0
628;nhl05.json;751;draw;51.0;50.0
632;nhl05.json;755;draw;68.0;70.0
634;nhl05.json;757;draw;60.0;61.0
640;nhl05.json;763;draw;54.0;60.0
641;nhl05.json;764;draw;30.0;65.0
643;nhl05.json;766;draw;65.0;68.0
646;nhl05.json;769;draw;70.0;52.0
647;nhl05.json;770;draw;56.0;63.0
649;nhl05.json;772;draw;58.0;54.0
658;nhl05.json;781;draw;66.0;42.0
660;nhl05.json;783;draw;32.0;40.0
661;nhl05.json;784;draw;55.0;54.0
664;nhl05.json;787;draw;68.0;63.0
665;nhl05.json;788;draw;62.0;44.0
668;nhl05.json;791;draw;55.0;64.0
676;nhl05.json;799;draw;34.0;74.0
678;nhl05.json;801;draw;34.0;49.0
679;nhl05.json;802;draw;70.0;70.0
684;nhl05.json;807;draw;69.0;74.0
687;nhl05.json;810;draw;54.0;78.0
691;nhl05.json;814;draw;51.0;62.0
692;nhl05.json;815;draw;65.0;60.0
697;nhl05.json;820;draw;56.0;71.0
713;nhl05.json;836;draw;73.0;57.0
714;nhl05.json;837;draw;57.0;64.0
723;nhl05.json;846;draw;71.0;38.0
729;nhl05.json;852;draw;59.0;56.0
730;nhl05.json;853;draw;65.0;43.0
733;nhl05.json;856;draw;69.0;62.0
735;nhl05.json;858;draw;67.0;39.0
737;nhl05.json;860;draw;80.0;76.0
738;nhl05.json;861;draw;57.0;60.0
747;nhl05.json;870;draw;66.0;75.0
755;nhl05.json;878;draw;54.0;68.0
764;nhl05.json;887;draw;46.0;73.0
768;nhl05.json;891;draw;60.0;45.0
781;nhl05.json;904;draw;70.0;76.0
783;nhl05.json;906;draw;67.0;48.0
784;nhl05.json;907;draw;62.0;54.0
787;nhl05.json;910;draw;76.0;66.0
790;nhl05.json;913;draw;45.0;74.0
791;nhl05.json;914;draw;39.0;68.0
792;nhl05.json;915;draw;58.0;71.0
793;nhl05.json;916;draw;65.0;73.0
794;nhl05.json;917;draw;72.0;83.0
799;nhl05.json;922;draw;68.0;64.0
800;nhl05.json;923;draw;64.0;80.0
802;nhl05.json;925;draw;78.0;90.0
804;nhl05.json;927;draw;75.0;79.0
813;nhl05.json;936;draw;50.0;72.0
814;nhl05.json;937;draw;46.0;66.0
815;nhl05.json;938;draw;60.0;61.0
819;nhl05.json;942;draw;48.0;75.0
820;nhl05.json;943;draw;67.0;81.0
824;nhl05.json;947;draw;59.0;91.0
826;nhl05.json;949;draw;52.0;73.0
831;nhl05.json;954;draw;81.0;66.0
837;nhl05.json;960;draw;49.0;54.0
843;nhl05.json;966;draw;64.0;60.0
860;nhl05.json;983;draw;76.0;81.0
862;nhl05.json;985;draw;61.0;93.0
868;nhl05.json;991;draw;51.0;63.0
869;nhl05.json;992;draw;73.0;91.0
875;nhl05.json;998;draw;78.0;95.0
890;nhl05.json;1013;draw;65.0;76.0
899;nhl05.json;1022;draw;99.0;90.0
901;nhl05.json;1024;draw;65.0;72.0
906;nhl05.json;1029;draw;80.0;82.0
907;nhl05.json;1030;draw;74.0;76.0
908;nhl05.json;1031;draw;80.0;79.0
909;nhl05.json;1032;draw;77.0;52.0
914;nhl05.json;1037;draw;46.0;68.0
916;nhl05.json;1039;draw;69.0;88.0
917;nhl05.json;1040;draw;95.0;51.0
922;nhl05.json;1045;draw;79.0;89.0
923;nhl05.json;1046;draw;51.0;83.0
929;nhl05.json;1052;draw;102.0;57.0
936;nhl05.json;1059;draw;85.0;82.0
937;nhl05.json;1060;draw;52.0;80.0
940;nhl05.json;1063;draw;90.0;93.0
942;nhl05.json;1065;draw;68.0;71.0
944;nhl05.json;1067;draw;102.0;79.0
954;nhl05.json;1077;draw;53.0;52.0
963;nhl05.json;1086;draw;81.0;57.0
965;nhl05.json;1088;draw;86.0;73.0
968;nhl05.json;1091;draw;107.0;55.0
971;nhl05.json;1094;draw;86.0;101.0
974;nhl05.json;1097;draw;82.0;74.0
983;nhl05.json;1106;draw;50.0;85.0
987;nhl05.json;1110;draw;76.0;96.0
993;nhl05.json;1116;draw;102.0;83.0
995;nhl05.json;1118;draw;102.0;60.0
996;nhl05.json;1119;draw;92.0;110.0
997;nhl05.json;1120;draw;94.0;92.0
999;nhl05.json;1122;draw;75.0;53.0
1001;nhl05.json;1124;draw;61.0;104.0
1008;nhl05.json;1131;draw;98.0;107.0
1009;nhl05.json;1132;draw;85.0;80.0
1013;nhl05.json;1136;draw;77.0;88.0
1015;nhl05.json;1138;draw;69.0;79.0
1019;nhl05.json;1142;draw;112.0;67.0
1020;nhl05.json;1143;draw;59.0;89.0
1024;nhl05.json;1147;draw;87.0;97.0
1029;nhl05.json;1152;draw;96.0;60.0
1034;nhl05.json;1157;draw;71.0;98.0
1035;nhl05.json;1158;draw;76.0;105.0
1043;nhl05.json;1166;draw;72.0;62.0
1045;nhl05.json;1168;draw;82.0;79.0
1049;nhl05.json;1172;draw;108.0;73.0
1055;nhl05.json;1178;draw;108.0;93.0
1057;nhl05.json;1180;draw;89.0;93.0
1062;nhl05.json;1185;draw;110.0;80.0
1063;nhl05.json;1186;draw;75.0;84.0
1072;nhl05.json;1195;draw;109.0;89.0
1074;nhl05.json;1197;draw;90.0;94.0
1076;nhl05.json;1199;draw;90.0;111.0
1080;nhl05.json;1203;draw;76.0;55.0
1083;nhl05.json;1206;draw;85.0;102.0
1084;nhl05.json;1207;draw;82.0;64.0
1085;nhl05.json;1208;draw;109.0;83.0
1103;nhl05.json;1226;draw;83.0;89.0
1104;nhl05.json;1227;draw;72.0;111.0
1105;nhl05.json;1228;draw;63.0;56.0
1117;nhl06.json;133;draw;8.0;15.0
1120;nhl06.json;136;draw;3.0;16.0
1127;nhl06.json;143;draw;16.0;16.0
1129;nhl06.json;145;draw;13.0;9.0
1134;nhl06.json;150;draw;8.0;11.0
1135;nhl06.json;151;draw;12.0;11.0
1140;nhl06.json;156;draw;20.0;17.0
1145;nhl06.json;161;draw;8.0;19.0
1159;nhl06.json;175;draw;21.0;10.0
1161;nhl06.json;177;draw;10.0;12.0
1162;nhl06.json;178;draw;7.0;21.0
1171;nhl06.json;187;draw;7.0;7.0
1175;nhl06.json;191;draw;8.0;12.0
1187;nhl06.json;203;draw;14.0;23.0
1188;nhl06.json;204;draw;14.0;10.0
1190;nhl06.json;206;draw;24.0;14.0
1194;nhl06.json;210;draw;15.0;16.0
1195;nhl06.json;211;draw;17.0;14.0
1199;nhl06.json;215;draw;15.0;15.0
1201;nhl06.json;217;draw;14.0;15.0
1206;nhl06.json;222;draw;17.0;8.0
1215;nhl06.json;231;draw;25.0;15.0
1221;nhl06.json;237;draw;7.0;27.0
1228;nhl06.json;244;draw;13.0;20.0
1244;nhl06.json;260;draw;20.0;12.0
1250;nhl06.json;266;draw;14.0;25.0
1251;nhl06.json;267;draw;23.0;22.0
1252;nhl06.json;268;draw;10.0;13.0
1260;nhl06.json;276;draw;19.0;18.0
1263;nhl06.json;279;draw;30.0;14.0
1265;nhl06.json;281;draw;16.0;21.0
1269;nhl06.json;285;draw;24.0;18.0
1271;nhl06.json;287;draw;21.0;25.0
1290;nhl06.json;306;draw;22.0;18.0
1293;nhl06.json;309;draw;26.0;21.0
1294;nhl06.json;310;draw;11.0;13.0
1299;nhl06.json;315;draw;12.0;19.0
1300;nhl06.json;316;draw;20.0;35.0
1307;nhl06.json;323;draw;27.0;15.0
1312;nhl06.json;328;draw;23.0;29.0
1314;nhl06.json;330;draw;37.0;27.0
1318;nhl06.json;334;draw;23.0;25.0
1329;nhl06.json;345;draw;27.0;38.0
1332;nhl06.json;348;draw;20.0;25.0
1335;nhl06.json;351;draw;29.0;20.0
1336;nhl06.json;352;draw;27.0;40.0
1340;nhl06.json;356;draw;28.0;32.0
1346;nhl06.json;362;draw;24.0;27.0
1360;nhl06.json;376;draw;40.0;29.0
1362;nhl06.json;378;draw;36.0;20.0
1363;nhl06.json;379;draw;31.0;30.0
1367;nhl06.json;383;draw;32.0;27.0
1369;nhl06.json;385;draw;19.0;28.0
1384;nhl06.json;400;draw;28.0;22.0
1388;nhl06.json;404;draw;30.0;33.0
1393;nhl06.json;409;draw;23.0;20.0
1395;nhl06.json;411;draw;34.0;17.0
1396;nhl06.json;412;draw;30.0;26.0
1398;nhl06.json;414;draw;30.0;28.0
1405;nhl06.json;421;draw;27.0;33.0
1411;nhl06.json;427;draw;22.0;38.0
1413;nhl06.json;429;draw;31.0;25.0
1414;nhl06.json;430;draw;36.0;44.0
1415;nhl06.json;431;draw;32.0;24.0
1419;nhl06.json;435;draw;40.0;27.0
1424;nhl06.json;440;draw;32.0;29.0
1448;nhl06.json;464;draw;23.0;24.0
1454;nhl06.json;470;draw;41.0;33.0
1461;nhl06.json;477;draw;43.0;18.0
1469;nhl06.json;485;draw;28.0;40.0
1470;nhl06.json;486;draw;19.0;45.0
1478;nhl06.json;494;draw;38.0;42.0
1495;nhl06.json;511;draw;44.0;35.0
1506;nhl06.json;522;draw;24.0;52.0
1508;nhl06.json;524;draw;36.0;46.0
1516;nhl06.json;532;draw;32.0;40.0
1520;nhl06.json;536;draw;29.0;38.0
1524;nhl06.json;540;draw;51.0;26.0
1527;nhl06.json;543;draw;29.0;27.0
1533;nhl06.json;549;draw;37.0;37.0
1545;nhl06.json;561;draw;38.0;31.0
1558;nhl06.json;574;draw;39.0;41.0
1570;nhl06.json;586;draw;43.0;52.0
1574;nhl06.json;590;draw;47.0;42.0
1580;nhl06.json;596;draw;43.0;50.0
1586;nhl06.json;602;draw;40.0;51.0
1587;nhl06.json;603;draw;42.0;37.0
1596;nhl06.json;612;draw;45.0;41.0
1597;nhl06.json;613;draw;54.0;36.0
1602;nhl06.json;618;draw;41.0;55.0
1605;nhl06.json;621;draw;44.0;42.0
1610;nhl06.json;626;draw;42.0;40.0
1613;nhl06.json;629;draw;47.0;38.0
1616;nhl06.json;632;draw;37.0;42.0
1619;nhl06.json;635;draw;59.0;64.0
1621;nhl06.json;637;draw;36.0;33.0
1622;nhl06.json;638;draw;44.0;55.0
1632;nhl06.json;648;draw;43.0;43.0
1647;nhl06.json;663;draw;45.0;56.0
1658;nhl06.json;674;draw;52.0;56.0
1659;nhl06.json;675;draw;67.0;45.0
1660;nhl06.json;676;draw;39.0;49.0
1661;nhl06.json;677;draw;44.0;65.0
1663;nhl06.json;679;draw;42.0;39.0
1670;nhl06.json;686;draw;40.0;37.0
1676;nhl06.json;692;draw;43.0;53.0
1682;nhl06.json;698;draw;46.0;47.0
1685;nhl06.json;701;draw;60.0;50.0
1696;nhl06.json;712;draw;68.0;55.0
1702;nhl06.json;718;draw;61.0;26.0
1707;nhl06.json;723;draw;53.0;57.0
1709;nhl06.json;725;draw;55.0;52.0
1710;nhl06.json;726;draw;56.0;38.0
1711;nhl06.json;727;draw;46.0;65.0
1713;nhl06.json;729;draw;59.0;50.0
1715;nhl06.json;731;draw;51.0;46.0
1717;nhl06.json;733;draw;54.0;56.0
1718;nhl06.json;734;draw;62.0;48.0
1732;nhl06.json;748;draw;41.0;57.0
1739;nhl06.json;755;draw;29.0;54.0
1740;nhl06.json;756;draw;51.0;68.0
1741;nhl06.json;757;draw;59.0;45.0
1743;nhl06.json;759;draw;66.0;60.0
1747;nhl06.json;763;draw;64.0;65.0
1753;nhl06.json;769;draw;56.0;61.0
1755;nhl06.json;771;draw;30.0;66.0
1762;nhl06.json;778;draw;40.0;43.0
1775;nhl06.json;791;draw;62.0;56.0
1779;nhl06.json;795;draw;58.0;48.0
1780;nhl06.json;796;draw;49.0;56.0
1781;nhl06.json;797;draw;62.0;60.0
1786;nhl06.json;802;draw;70.0;54.0
1790;nhl06.json;806;draw;54.0;50.0
1791;nhl06.json;807;draw;64.0;45.0
1792;nhl06.json;808;draw;51.0;50.0
1793;nhl06.json;809;draw;60.0;43.0
1795;nhl06.json;811;draw;66.0;74.0
1802;nhl06.json;818;draw;33.0;63.0
1807;nhl06.json;823;draw;52.0;44.0
1813;nhl06.json;829;draw;52.0;59.0
1814;nhl06.json;830;draw;34.0;52.0
1817;nhl06.json;833;draw;60.0;65.0
1823;nhl06.json;839;draw;78.0;65.0
1831;nhl06.json;847;draw;61.0;60.0
1838;nhl06.json;854;draw;67.0;51.0
1844;nhl06.json;860;draw;66.0;66.0
1847;nhl06.json;863;draw;80.0;60.0
1848;nhl06.json;864;draw;52.0;74.0
1849;nhl06.json;865;draw;66.0;54.0
1854;nhl06.json;870;draw;52.0;68.0
1860;nhl06.json;876;draw;82.0;56.0
1864;nhl06.json;880;draw;47.0;76.0
1865;nhl06.json;881;draw;55.0;68.0
1873;nhl06.json;889;draw;78.0;48.0
1878;nhl06.json;894;draw;71.0;61.0
1881;nhl06.json;897;draw;69.0;57.0
1882;nhl06.json;898;draw;59.0;51.0
1883;nhl06.json;899;draw;69.0;72.0
1885;nhl06.json;901;draw;79.0;72.0
1888;nhl06.json;904;draw;55.0;73.0
1890;nhl06.json;906;draw;63.0;80.0
1891;nhl06.json;907;draw;66.0;66.0
1894;nhl06.json;910;draw;85.0;73.0
1895;nhl06.json;911;draw;53.0;70.0
1896;nhl06.json;912;draw;83.0;68.0
1898;nhl06.json;914;draw;58.0;73.0
1900;nhl06.json;916;draw;71.0;71.0
1901;nhl06.json;917;draw;67.0;40.0
1903;nhl06.json;919;draw;84.0;64.0
1910;nhl06.json;926;draw;84.0;85.0
1911;nhl06.json;927;draw;50.0;62.0
1915;nhl06.json;931;draw;75.0;76.0
1919;nhl06.json;935;draw;54.0;86.0
1929;nhl06.json;945;draw;70.0;41.0
1931;nhl06.json;947;draw;58.0;61.0
1934;nhl06.json;950;draw;75.0;77.0
1937;nhl06.json;953;draw;77.0;88.0
1939;nhl06.json;955;draw;75.0;75.0
1940;nhl06.json;956;draw;64.0;42.0
1942;nhl06.json;958;draw;66.0;75.0
1943;nhl06.json;959;draw;72.0;63.0
1944;nhl06.json;960;draw;52.0;84.0
1946;nhl06.json;962;draw;59.0;76.0
1947;nhl06.json;963;draw;63.0;79.0
1949;nhl06.json;965;draw;80.0;55.0
1951;nhl06.json;967;draw;86.0;69.0
1957;nhl06.json;973;draw;67.0;65.0
1964;nhl06.json;980;draw;79.0;78.0
1965;nhl06.json;981;draw;77.0;44.0
1968;nhl06.json;984;draw;90.0;67.0
1969;nhl06.json;985;draw;55.0;80.0
1971;nhl06.json;987;draw;87.0;92.0
1972;nhl06.json;988;draw;69.0;75.0
1975;nhl06.json;991;draw;45.0;87.0
1978;nhl06.json;994;draw;81.0;79.0
1980;nhl06.json;996;draw;91.0;93.0
1985;nhl06.json;1001;draw;59.0;54.0
1988;nhl06.json;1004;draw;81.0;88.0
1998;nhl06.json;1014;draw;82.0;85.0
1999;nhl06.json;1015;draw;93.0;55.0
2003;nhl06.json;1019;draw;82.0;73.0
2008;nhl06.json;1024;draw;73.0;84.0
2010;nhl06.json;1026;draw;81.0;80.0
2012;nhl06.json;1028;draw;83.0;56.0
2014;nhl06.json;1030;draw;74.0;75.0
2016;nhl06.json;1032;draw;83.0;73.0
2020;nhl06.json;1036;draw;82.0;68.0
2022;nhl06.json;1038;draw;84.0;93.0
2024;nhl06.json;1040;draw;87.0;85.0
2034;nhl06.json;1050;draw;95.0;61.0
2036;nhl06.json;1052;draw;71.0;60.0
2038;nhl06.json;1054;draw;88.0;69.0
2041;nhl06.json;1057;draw;59.0;61.0
2050;nhl06.json;1066;draw;84.0;76.0
2058;nhl06.json;1074;draw;66.0;70.0
2060;nhl06.json;1076;draw;76.0;77.0
2062;nhl06.json;1078;draw;90.0;91.0
2063;nhl06.json;1079;draw;89.0;59.0
2065;nhl06.json;1081;draw;78.0;91.0
2067;nhl06.json;1083;draw;86.0;98.0
2074;nhl06.json;1090;draw;82.0;78.0
2087;nhl06.json;1103;draw;99.0;65.0
2093;nhl06.json;1109;draw;86.0;100.0
2096;nhl06.json;1112;draw;67.0;82.0
2097;nhl06.json;1113;draw;98.0;93.0
2098;nhl06.json;1114;draw;73.0;83.0
2102;nhl06.json;1118;draw;75.0;94.0
2103;nhl06.json;1119;draw;100.0;72.0
2105;nhl06.json;1121;draw;62.0;94.0
2110;nhl06.json;1126;draw;96.0;83.0
2111;nhl06.json;1127;draw;83.0;85.0
2126;nhl06.json;1142;draw;97.0;90.0
2131;nhl06.json;1147;draw;78.0;88.0
2136;nhl06.json;1152;draw;89.0;84.0
2145;nhl06.json;1161;draw;80.0;65.0
2146;nhl06.json;1162;draw;105.0;98.0
2149;nhl06.json;1165;draw;85.0;100.0
2150;nhl06.json;1166;draw;76.0;104.0
2162;nhl06.json;1178;draw;82.0;84.0
2166;nhl06.json;1182;draw;84.0;91.0
2169;nhl06.json;1185;draw;87.0;53.0
2172;nhl06.json;1188;draw;102.0;102.0
2173;nhl06.json;1189;draw;105.0;67.0
2179;nhl06.json;1195;draw;106.0;102.0
2183;nhl06.json;1199;draw;69.0;110.0
2191;nhl06.json;1207;draw;71.0;102.0
2193;nhl06.json;1209;draw;103.0;107.0
2196;nhl06.json;1212;draw;95.0;92.0
2199;nhl06.json;1215;draw;106.0;103.0
2206;nhl06.json;1222;draw;86.0;85.0
2211;nhl06.json;1227;draw;106.0;90.0
2226;nhl07.json;135;draw;6.0;15.0
2235;nhl07.json;144;draw;12.0;10.0
2237;nhl07.json;146;draw;10.0;8.0
2239;nhl07.json;148;draw;10.0;12.0
2249;nhl07.json;158;draw;9.0;8.0
2254;nhl07.json;163;draw;14.0;6.0
2270;nhl07.json;179;draw;12.0;10.0
2271;nhl07.json;180;draw;10.0;15.0
2281;nhl07.json;190;draw;11.0;11.0
2291;nhl07.json;200;draw;14.0;22.0
2300;nhl07.json;209;draw;10.0;10.0
2306;nhl07.json;215;draw;23.0;14.0
2307;nhl07.json;216;draw;18.0;10.0
2309;nhl07.json;218;draw;11.0;15.0
2310;nhl07.json;219;draw;14.0;10.0
2318;nhl07.json;227;draw;14.0;20.0
2324;nhl07.json;233;draw;15.0;15.0
2327;nhl07.json;236;draw;17.0;17.0
2331;nhl07.json;240;draw;15.0;18.0
2332;nhl07.json;241;draw;14.0;16.0
2342;nhl07.json;251;draw;14.0;14.0
2343;nhl07.json;252;draw;18.0;21.0
2346;nhl07.json;255;draw;17.0;16.0
2347;nhl07.json;256;draw;16.0;13.0
2350;nhl07.json;259;draw;17.0;20.0
2353;nhl07.json;262;draw;22.0;21.0
2355;nhl07.json;264;draw;19.0;20.0
2370;nhl07.json;279;draw;24.0;21.0
2371;nhl07.json;280;draw;17.0;23.0
2373;nhl07.json;282;draw;21.0;18.0
2377;nhl07.json;286;draw;21.0;27.0
2381;nhl07.json;290;draw;18.0;21.0
2388;nhl07.json;297;draw;15.0;21.0
2401;nhl07.json;310;draw;25.0;13.0
2402;nhl07.json;311;draw;32.0;18.0
2408;nhl07.json;317;draw;23.0;18.0
2411;nhl07.json;320;draw;21.0;27.0
2424;nhl07.json;333;draw;17.0;25.0
2425;nhl07.json;334;draw;24.0;31.0
2433;nhl07.json;342;draw;24.0;28.0
2436;nhl07.json;345;draw;21.0;27.0
2438;nhl07.json;347;draw;17.0;23.0
2439;nhl07.json;348;draw;25.0;19.0
2440;nhl07.json;349;draw;25.0;33.0
2458;nhl07.json;367;draw;28.0;28.0
2467;nhl07.json;376;draw;28.0;22.0
2468;nhl07.json;377;draw;29.0;26.0
2472;nhl07.json;381;draw;23.0;26.0
2479;nhl07.json;388;draw;21.0;25.0
2480;nhl07.json;389;draw;28.0;32.0
2483;nhl07.json;392;draw;24.0;34.0
2486;nhl07.json;395;draw;25.0;27.0
2487;nhl07.json;396;draw;30.0;30.0
2500;nhl07.json;409;draw;26.0;28.0
2512;nhl07.json;421;draw;34.0;30.0
2514;nhl07.json;423;draw;28.0;28.0
2516;nhl07.json;425;draw;32.0;34.0
2528;nhl07.json;437;draw;34.0;27.0
2529;nhl07.json;438;draw;31.0;32.0
2531;nhl07.json;440;draw;33.0;28.0
2534;nhl07.json;443;draw;32.0;29.0
2535;nhl07.json;444;draw;27.0;29.0
2537;nhl07.json;446;draw;24.0;34.0
2550;nhl07.json;459;draw;46.0;30.0
2560;nhl07.json;469;draw;34.0;35.0
2567;nhl07.json;476;draw;32.0;37.0
2574;nhl07.json;483;draw;34.0;38.0
2576;nhl07.json;485;draw;49.0;28.0
2584;nhl07.json;493;draw;34.0;40.0
2586;nhl07.json;495;draw;37.0;34.0
2591;nhl07.json;500;draw;37.0;39.0
2597;nhl07.json;506;draw;40.0;32.0
2600;nhl07.json;509;draw;39.0;34.0
2604;nhl07.json;513;draw;40.0;37.0
2605;nhl07.json;514;draw;39.0;42.0
2608;nhl07.json;517;draw;33.0;39.0
2612;nhl07.json;521;draw;35.0;37.0
2613;nhl07.json;522;draw;47.0;34.0
2614;nhl07.json;523;draw;34.0;29.0
2617;nhl07.json;526;draw;36.0;35.0
2619;nhl07.json;528;draw;34.0;42.0
2620;nhl07.json;529;draw;38.0;35.0
2625;nhl07.json;534;draw;40.0;41.0
2629;nhl07.json;538;draw;36.0;37.0
2638;nhl07.json;547;draw;38.0;32.0
2647;nhl07.json;556;draw;43.0;39.0
2657;nhl07.json;566;draw;44.0;35.0
2659;nhl07.json;568;draw;48.0;39.0
2664;nhl07.json;573;draw;42.0;44.0
2665;nhl07.json;574;draw;40.0;28.0
2674;nhl07.json;583;draw;40.0;42.0
2675;nhl07.json;584;draw;35.0;44.0
2676;nhl07.json;585;draw;38.0;33.0
2678;nhl07.json;587;draw;42.0;36.0
2682;nhl07.json;591;draw;43.0;39.0
2686;nhl07.json;595;draw;49.0;47.0
2688;nhl07.json;597;draw;42.0;39.0
2698;nhl07.json;607;draw;47.0;37.0
2706;nhl07.json;615;draw;56.0;34.0
2709;nhl07.json;618;draw;38.0;44.0
2710;nhl07.json;619;draw;45.0;43.0
2712;nhl07.json;621;draw;41.0;47.0
2718;nhl07.json;627;draw;50.0;44.0
2721;nhl07.json;630;draw;49.0;41.0
2722;nhl07.json;631;draw;48.0;41.0
2731;nhl07.json;640;draw;43.0;41.0
2735;nhl07.json;644;draw;58.0;42.0
2739;nhl07.json;648;draw;69.0;48.0
2743;nhl07.json;652;draw;48.0;46.0
2744;nhl07.json;653;draw;34.0;54.0
2747;nhl07.json;656;draw;51.0;45.0
2748;nhl07.json;657;draw;44.0;52.0
2753;nhl07.json;662;draw;43.0;47.0
2755;nhl07.json;664;draw;46.0;44.0
2757;nhl07.json;666;draw;43.0;53.0
2758;nhl07.json;667;draw;49.0;52.0
2760;nhl07.json;669;draw;45.0;42.0
2763;nhl07.json;672;draw;52.0;56.0
2778;nhl07.json;687;draw;54.0;52.0
2780;nhl07.json;689;draw;48.0;54.0
2781;nhl07.json;690;draw;43.0;46.0
2785;nhl07.json;694;draw;70.0;54.0
2786;nhl07.json;695;draw;48.0;42.0
2793;nhl07.json;702;draw;53.0;46.0
2797;nhl07.json;706;draw;49.0;49.0
2809;nhl07.json;718;draw;49.0;48.0
2811;nhl07.json;720;draw;51.0;50.0
2815;nhl07.json;724;draw;57.0;47.0
2828;nhl07.json;737;draw;55.0;50.0
2835;nhl07.json;744;draw;52.0;49.0
2838;nhl07.json;747;draw;48.0;49.0
2843;nhl07.json;752;draw;52.0;54.0
2847;nhl07.json;756;draw;59.0;42.0
2861;nhl07.json;770;draw;51.0;62.0
2867;nhl07.json;776;draw;54.0;48.0
2868;nhl07.json;777;draw;52.0;52.0
2869;nhl07.json;778;draw;53.0;60.0
2870;nhl07.json;779;draw;63.0;50.0
2873;nhl07.json;782;draw;49.0;57.0
2883;nhl07.json;792;draw;57.0;56.0
2888;nhl07.json;797;draw;61.0;62.0
2890;nhl07.json;799;draw;60.0;57.0
2898;nhl07.json;807;draw;63.0;84.0
2899;nhl07.json;808;draw;67.0;58.0
2900;nhl07.json;809;draw;56.0;53.0
2901;nhl07.json;810;draw;60.0;59.0
2906;nhl07.json;815;draw;55.0;63.0
2911;nhl07.json;820;draw;61.0;49.0
2918;nhl07.json;827;draw;53.0;86.0
2919;nhl07.json;828;draw;65.0;59.0
2923;nhl07.json;832;draw;57.0;59.0
2924;nhl07.json;833;draw;56.0;51.0
2925;nhl07.json;834;draw;57.0;62.0
2931;nhl07.json;840;draw;64.0;54.0
2936;nhl07.json;845;draw;61.0;53.0
2937;nhl07.json;846;draw;55.0;66.0
2938;nhl07.json;847;draw;60.0;49.0
2944;nhl07.json;853;draw;69.0;64.0
2951;nhl07.json;860;draw;58.0;59.0
2953;nhl07.json;862;draw;66.0;72.0
2954;nhl07.json;863;draw;57.0;67.0
2957;nhl07.json;866;draw;63.0;68.0
2966;nhl07.json;875;draw;68.0;60.0
2972;nhl07.json;881;draw;55.0;63.0
2977;nhl07.json;886;draw;66.0;60.0
2987;nhl07.json;896;draw;70.0;68.0
2995;nhl07.json;904;draw;73.0;65.0
2997;nhl07.json;906;draw;73.0;67.0
2998;nhl07.json;907;draw;72.0;66.0
2999;nhl07.json;908;draw;64.0;64.0
3001;nhl07.json;910;draw;62.0;63.0
3005;nhl07.json;914;draw;64.0;56.0
3006;nhl07.json;915;draw;73.0;65.0
3009;nhl07.json;918;draw;75.0;63.0
3011;nhl07.json;920;draw;71.0;68.0
3014;nhl07.json;923;draw;60.0;66.0
3016;nhl07.json;925;draw;75.0;76.0
3018;nhl07.json;927;draw;55.0;62.0
3022;nhl07.json;931;draw;66.0;66.0
3023;nhl07.json;932;draw;75.0;65.0
3024;nhl07.json;933;draw;63.0;77.0
3028;nhl07.json;937;draw;76.0;72.0
3029;nhl07.json;938;draw;66.0;61.0
3039;nhl07.json;948;draw;68.0;67.0
3044;nhl07.json;953;draw;61.0;89.0
3045;nhl07.json;954;draw;69.0;79.0
3046;nhl07.json;955;draw;74.0;68.0
3048;nhl07.json;957;draw;72.0;70.0
3050;nhl07.json;959;draw;63.0;63.0
3054;nhl07.json;963;draw;62.0;67.0
3061;nhl07.json;970;draw;73.0;67.0
3062;nhl07.json;971;draw;57.0;65.0
3069;nhl07.json;978;draw;74.0;63.0
3073;nhl07.json;982;draw;79.0;64.0
3074;nhl07.json;983;draw;74.0;73.0
3082;nhl07.json;991;draw;77.0;56.0
3083;nhl07.json;992;draw;65.0;69.0
3092;nhl07.json;1001;draw;76.0;69.0
3097;nhl07.json;1006;draw;76.0;66.0
3099;nhl07.json;1008;draw;82.0;80.0
3113;nhl07.json;1022;draw;65.0;79.0
3114;nhl07.json;1023;draw;82.0;59.0
3116;nhl07.json;1025;draw;70.0;67.0
3119;nhl07.json;1028;draw;79.0;76.0
3125;nhl07.json;1034;draw;79.0;79.0
3126;nhl07.json;1035;draw;80.0;86.0
3127;nhl07.json;1036;draw;70.0;67.0
3130;nhl07.json;1039;draw;72.0;69.0
3131;nhl07.json;1040;draw;77.0;73.0
3135;nhl07.json;1044;draw;59.0;78.0
3137;nhl07.json;1046;draw;74.0;81.0
3139;nhl07.json;1048;draw;70.0;78.0
3144;nhl07.json;1053;draw;71.0;68.0
3146;nhl07.json;1055;draw;73.0;85.0
3156;nhl07.json;1065;draw;81.0;86.0
3168;nhl07.json;1077;draw;80.0;79.0
3169;nhl07.json;1078;draw;76.0;80.0
3182;nhl07.json;1091;draw;92.0;75.0
3189;nhl07.json;1098;draw;89.0;69.0
3194;nhl07.json;1103;draw;95.0;86.0
3195;nhl07.json;1104;draw;90.0;85.0
3203;nhl07.json;1112;draw;78.0;85.0
3207;nhl07.json;1116;draw;77.0;62.0
3211;nhl07.json;1120;draw;82.0;87.0
3213;nhl07.json;1122;draw;80.0;77.0
3219;nhl07.json;1128;draw;92.0;83.0
3222;nhl07.json;1131;draw;78.0;71.0
3233;nhl07.json;1142;draw;88.0;86.0
3236;nhl07.json;1145;draw;87.0;82.0
3239;nhl07.json;1148;draw;78.0;99.0
3243;nhl07.json;1152;draw;94.0;66.0
3244;nhl07.json;1153;draw;68.0;84.0
3245;nhl07.json;1154;draw;100.0;89.0
3247;nhl07.json;1156;draw;91.0;81.0
3252;nhl07.json;1161;draw;91.0;88.0
3255;nhl07.json;1164;draw;108.0;72.0
3257;nhl07.json;1166;draw;88.0;83.0
3259;nhl07.json;1168;draw;83.0;96.0
3266;nhl07.json;1175;draw;75.0;89.0
3268;nhl07.json;1177;draw;109.0;86.0
3272;nhl07.json;1181;draw;93.0;90.0
3273;nhl07.json;1182;draw;82.0;79.0
3274;nhl07.json;1183;draw;84.0;90.0
3275;nhl07.json;1184;draw;96.0;92.0
3277;nhl07.json;1186;draw;91.0;99.0
3281;nhl07.json;1190;draw;82.0;86.0
3282;nhl07.json;1191;draw;74.0;87.0
3285;nhl07.json;1194;draw;76.0;93.0
3288;nhl07.json;1197;draw;95.0;91.0
3304;nhl07.json;1213;draw;95.0;77.0
3313;nhl07.json;1222;draw;97.0;96.0
3318;nhl07.json;1227;draw;93.0;97.0
3320;nhl07.json;1229;draw;100.0;82.0
3324;nhl08.json;126;draw;9.0;8.0
3328;nhl08.json;130;draw;11.0;9.0
3330;nhl08.json;132;draw;11.0;9.0
3332;nhl08.json;134;draw;10.0;15.0
3335;nhl08.json;137;draw;9.0;4.0
3347;nhl08.json;149;draw;12.0;10.0
3350;nhl08.json;152;draw;9.0;9.0
3355;nhl08.json;157;draw;11.0;8.0
3357;nhl08.json;159;draw;8.0;11.0
3365;nhl08.json;167;draw;5.0;9.0
3369;nhl08.json;171;draw;13.0;14.0
3371;nhl08.json;173;draw;10.0;11.0
3373;nhl08.json;175;draw;7.0;15.0
3375;nhl08.json;177;draw;14.0;11.0
3381;nhl08.json;183;draw;22.0;10.0
3389;nhl08.json;191;draw;12.0;17.0
3391;nhl08.json;193;draw;18.0;10.0
3398;nhl08.json;200;draw;9.0;16.0
3411;nhl08.json;213;draw;23.0;15.0
3413;nhl08.json;215;draw;26.0;13.0
3415;nhl08.json;217;draw;12.0;12.0
3416;nhl08.json;218;draw;20.0;18.0
3418;nhl08.json;220;draw;18.0;12.0
3422;nhl08.json;224;draw;17.0;19.0
3427;nhl08.json;229;draw;20.0;13.0
3436;nhl08.json;238;draw;18.0;11.0
3438;nhl08.json;240;draw;19.0;15.0
3441;nhl08.json;243;draw;26.0;23.0
3443;nhl08.json;245;draw;16.0;22.0
3445;nhl08.json;247;draw;19.0;18.0
3447;nhl08.json;249;draw;17.0;14.0
3448;nhl08.json;250;draw;18.0;14.0
3450;nhl08.json;252;draw;13.0;20.0
3455;nhl08.json;257;draw;28.0;14.0
3456;nhl08.json;258;draw;14.0;21.0
3459;nhl08.json;261;draw;15.0;13.0
3460;nhl08.json;262;draw;24.0;21.0
3464;nhl08.json;266;draw;16.0;19.0
3469;nhl08.json;271;draw;15.0;22.0
3477;nhl08.json;279;draw;14.0;22.0
3485;nhl08.json;287;draw;18.0;23.0
3488;nhl08.json;290;draw;20.0;17.0
3489;nhl08.json;291;draw;24.0;30.0
3491;nhl08.json;293;draw;18.0;16.0
3492;nhl08.json;294;draw;15.0;23.0
3496;nhl08.json;298;draw;28.0;31.0
3499;nhl08.json;301;draw;25.0;18.0
3504;nhl08.json;306;draw;21.0;18.0
3507;nhl08.json;309;draw;18.0;32.0
3508;nhl08.json;310;draw;35.0;25.0
3511;nhl08.json;313;draw;17.0;24.0
3519;nhl08.json;321;draw;26.0;24.0
3520;nhl08.json;322;draw;18.0;19.0
3525;nhl08.json;327;draw;18.0;22.0
3529;nhl08.json;331;draw;18.0;34.0
3554;nhl08.json;356;draw;27.0;19.0
3559;nhl08.json;361;draw;36.0;31.0
3566;nhl08.json;368;draw;29.0;26.0
3573;nhl08.json;375;draw;22.0;29.0
3576;nhl08.json;378;draw;23.0;24.0
3577;nhl08.json;379;draw;22.0;24.0
3581;nhl08.json;383;draw;45.0;26.0
3584;nhl08.json;386;draw;34.0;28.0
3587;nhl08.json;389;draw;38.0;28.0
3588;nhl08.json;390;draw;26.0;30.0
3591;nhl08.json;393;draw;25.0;32.0
3597;nhl08.json;399;draw;24.0;25.0
3603;nhl08.json;405;draw;21.0;38.0
3606;nhl08.json;408;draw;40.0;33.0
3613;nhl08.json;415;draw;34.0;29.0
3617;nhl08.json;419;draw;25.0;30.0
3626;nhl08.json;428;draw;34.0;29.0
3630;nhl08.json;432;draw;40.0;30.0
3637;nhl08.json;439;draw;30.0;42.0
3641;nhl08.json;443;draw;30.0;50.0
3643;nhl08.json;445;draw;28.0;34.0
3647;nhl08.json;449;draw;22.0;39.0
3649;nhl08.json;451;draw;26.0;31.0
3653;nhl08.json;455;draw;31.0;37.0
3654;nhl08.json;456;draw;31.0;44.0
3655;nhl08.json;457;draw;29.0;52.0
3659;nhl08.json;461;draw;22.0;31.0
3662;nhl08.json;464;draw;28.0;31.0
3663;nhl08.json;465;draw;33.0;31.0
3669;nhl08.json;471;draw;30.0;37.0
3670;nhl08.json;472;draw;39.0;39.0
3678;nhl08.json;480;draw;27.0;30.0
3679;nhl08.json;481;draw;39.0;42.0
3681;nhl08.json;483;draw;39.0;35.0
3686;nhl08.json;488;draw;41.0;35.0
3690;nhl08.json;492;draw;36.0;38.0
3695;nhl08.json;497;draw;46.0;43.0
3702;nhl08.json;504;draw;33.0;36.0
3711;nhl08.json;513;draw;36.0;25.0
3715;nhl08.json;517;draw;29.0;57.0
3718;nhl08.json;520;draw;33.0;39.0
3720;nhl08.json;522;draw;35.0;50.0
3723;nhl08.json;525;draw;37.0;25.0
3737;nhl08.json;539;draw;34.0;28.0
3738;nhl08.json;540;draw;29.0;46.0
3745;nhl08.json;547;draw;36.0;60.0
3756;nhl08.json;558;draw;29.0;45.0
3764;nhl08.json;566;draw;42.0;47.0
3771;nhl08.json;573;draw;47.0;31.0
3772;nhl08.json;574;draw;48.0;39.0
3773;nhl08.json;575;draw;38.0;55.0
3774;nhl08.json;576;draw;36.0;49.0
3776;nhl08.json;578;draw;46.0;37.0
3782;nhl08.json;584;draw;55.0;50.0
3811;nhl08.json;613;draw;45.0;51.0
3822;nhl08.json;624;draw;45.0;39.0
3827;nhl08.json;629;draw;40.0;63.0
3851;nhl08.json;653;draw;42.0;47.0
3853;nhl08.json;655;draw;33.0;38.0
3855;nhl08.json;657;draw;46.0;55.0
3856;nhl08.json;658;draw;43.0;40.0
3859;nhl08.json;661;draw;55.0;56.0
3862;nhl08.json;664;draw;37.0;56.0
3865;nhl08.json;667;draw;36.0;58.0
3871;nhl08.json;673;draw;49.0;46.0
3872;nhl08.json;674;draw;28.0;61.0
3875;nhl08.json;677;draw;70.0;38.0
3879;nhl08.json;681;draw;49.0;51.0
3882;nhl08.json;684;draw;71.0;50.0
3889;nhl08.json;691;draw;41.0;71.0
3897;nhl08.json;699;draw;58.0;48.0
3905;nhl08.json;707;draw;49.0;68.0
3907;nhl08.json;709;draw;73.0;63.0
3921;nhl08.json;723;draw;75.0;63.0
3924;nhl08.json;726;draw;65.0;52.0
3932;nhl08.json;734;draw;51.0;51.0
3942;nhl08.json;744;draw;69.0;44.0
3946;nhl08.json;748;draw;46.0;54.0
3948;nhl08.json;750;draw;62.0;39.0
3956;nhl08.json;758;draw;53.0;44.0
3962;nhl08.json;764;draw;47.0;53.0
3963;nhl08.json;765;draw;77.0;55.0
3964;nhl08.json;766;draw;41.0;82.0
3976;nhl08.json;778;draw;84.0;61.0
3983;nhl08.json;785;draw;42.0;61.0
3986;nhl08.json;788;draw;55.0;55.0
3987;nhl08.json;789;draw;53.0;78.0
3994;nhl08.json;796;draw;37.0;53.0
3996;nhl08.json;798;draw;58.0;49.0
4000;nhl08.json;802;draw;57.0;81.0
4001;nhl08.json;803;draw;63.0;72.0
4007;nhl08.json;809;draw;59.0;66.0
4010;nhl08.json;812;draw;53.0;50.0
4018;nhl08.json;820;draw;55.0;58.0
4019;nhl08.json;821;draw;62.0;65.0
4023;nhl08.json;825;draw;62.0;82.0
4028;nhl08.json;830;draw;55.0;85.0
4031;nhl08.json;833;draw;81.0;51.0
4036;nhl08.json;838;draw;38.0;59.0
4041;nhl08.json;843;draw;56.0;45.0
4042;nhl08.json;844;draw;61.0;61.0
4048;nhl08.json;850;draw;53.0;52.0
4050;nhl08.json;852;draw;71.0;62.0
4051;nhl08.json;853;draw;77.0;66.0
4056;nhl08.json;858;draw;52.0;64.0
4057;nhl08.json;859;draw;49.0;77.0
4063;nhl08.json;865;draw;57.0;55.0
4064;nhl08.json;866;draw;59.0;72.0
4067;nhl08.json;869;draw;55.0;47.0
4077;nhl08.json;879;draw;53.0;66.0
4079;nhl08.json;881;draw;57.0;58.0
4083;nhl08.json;885;draw;62.0;74.0
4087;nhl08.json;889;draw;68.0;54.0
4096;nhl08.json;898;draw;64.0;59.0
4101;nhl08.json;903;draw;56.0;69.0
4108;nhl08.json;910;draw;42.0;58.0
4113;nhl08.json;915;draw;67.0;68.0
4116;nhl08.json;918;draw;75.0;71.0
4120;nhl08.json;922;draw;76.0;66.0
4122;nhl08.json;924;draw;92.0;83.0
4125;nhl08.json;927;draw;55.0;60.0
4141;nhl08.json;943;draw;62.0;85.0
4146;nhl08.json;948;draw;66.0;67.0
4148;nhl08.json;950;draw;79.0;67.0
4153;nhl08.json;955;draw;93.0;65.0
4158;nhl08.json;960;draw;61.0;67.0
4162;nhl08.json;964;draw;54.0;64.0
4170;nhl08.json;972;draw;85.0;74.0
4186;nhl08.json;988;draw;65.0;51.0
4188;nhl08.json;990;draw;76.0;76.0
4191;nhl08.json;993;draw;70.0;86.0
4192;nhl08.json;994;draw;77.0;70.0
4193;nhl08.json;995;draw;69.0;94.0
4194;nhl08.json;996;draw;94.0;61.0
4197;nhl08.json;999;draw;62.0;55.0
4198;nhl08.json;1000;draw;81.0;77.0
4199;nhl08.json;1001;draw;68.0;76.0
4205;nhl08.json;1007;draw;79.0;52.0
4206;nhl08.json;1008;draw;71.0;58.0
4207;nhl08.json;1009;draw;96.0;84.0
4209;nhl08.json;1011;draw;74.0;78.0
4210;nhl08.json;1012;draw;59.0;70.0
4215;nhl08.json;1017;draw;79.0;64.0
4219;nhl08.json;1021;draw;90.0;78.0
4222;nhl08.json;1024;draw;96.0;67.0
4226;nhl08.json;1028;draw;77.0;58.0
4227;nhl08.json;1029;draw;72.0;61.0
4228;nhl08.json;1030;draw;72.0;71.0
4231;nhl08.json;1033;draw;75.0;60.0
4238;nhl08.json;1040;draw;60.0;69.0
4242;nhl08.json;1044;draw;80.0;80.0
4243;nhl08.json;1045;draw;72.0;63.0
4245;nhl08.json;1047;draw;73.0;72.0
4248;nhl08.json;1050;draw;78.0;83.0
4251;nhl08.json;1053;draw;70.0;75.0
4254;nhl08.json;1056;draw;100.0;76.0
4258;nhl08.json;1060;draw;99.0;68.0
4259;nhl08.json;1061;draw;64.0;72.0
4264;nhl08.json;1066;draw;84.0;77.0
4268;nhl08.json;1070;draw;61.0;64.0
4283;nhl08.json;1085;draw;80.0;85.0
4285;nhl08.json;1087;draw;73.0;96.0
4286;nhl08.json;1088;draw;62.0;82.0
4289;nhl08.json;1091;draw;77.0;76.0
4296;nhl08.json;1098;draw;87.0;106.0
4299;nhl08.json;1101;draw;66.0;86.0
4303;nhl08.json;1105;draw;83.0;64.0
4304;nhl08.json;1106;draw;74.0;70.0
4309;nhl08.json;1111;draw;80.0;72.0
4312;nhl08.json;1114;draw;89.0;97.0
4317;nhl08.json;1119;draw;79.0;85.0
4319;nhl08.json;1121;draw;58.0;90.0
4321;nhl08.json;1123;draw;85.0;80.0
4333;nhl08.json;1135;draw;69.0;75.0
4335;nhl08.json;1137;draw;80.0;91.0
4341;nhl08.json;1143;draw;70.0;82.0
4347;nhl08.json;1149;draw;93.0;84.0
4355;nhl08.json;1157;draw;101.0;83.0
4357;nhl08.json;1159;draw;98.0;65.0
4365;nhl08.json;1167;draw;76.0;94.0
4367;nhl08.json;1169;draw;84.0;88.0
4372;nhl08.json;1174;draw;78.0;85.0
4373;nhl08.json;1175;draw;89.0;95.0
4374;nhl08.json;1176;draw;93.0;92.0
4384;nhl08.json;1186;draw;115.0;66.0
4395;nhl08.json;1197;draw;99.0;90.0
4401;nhl08.json;1203;draw;82.0;102.0
4403;nhl08.json;1205;draw;111.0;86.0
4404;nhl08.json;1206;draw;67.0;80.0
4406;nhl08.json;1208;draw;112.0;92.0
4414;nhl08.json;1216;draw;68.0;98.0
4416;nhl08.json;1218;draw;88.0;82.0
4427;nhl08.json;1229;draw;77.0;90.0
4428;nhl09.json;123;draw;10.0;11.0
4430;nhl09.json;125;draw;10.0;7.0
4432;nhl09.json;127;draw;16.0;4.0
4436;nhl09.json;131;draw;8.0;11.0
4440;nhl09.json;135;draw;11.0;9.0
4441;nhl09.json;136;draw;5.0;12.0
4442;nhl09.json;137;draw;8.0;14.0
4443;nhl09.json;138;draw;4.0;6.0
4453;nhl09.json;148;draw;10.0;6.0
4459;nhl09.json;154;draw;15.0;16.0
4465;nhl09.json;160;draw;14.0;3.0
4473;nhl09.json;168;draw;17.0;12.0
4474;nhl09.json;169;draw;13.0;10.0
4476;nhl09.json;171;draw;18.0;9.0
4477;nhl09.json;172;draw;11.0;14.0
4482;nhl09.json;177;draw;16.0;5.0
4483;nhl09.json;178;draw;12.0;20.0
4485;nhl09.json;180;draw;15.0;4.0
4488;nhl09.json;183;draw;19.0;13.0
4494;nhl09.json;189;draw;12.0;5.0
4497;nhl09.json;192;draw;16.0;9.0
4503;nhl09.json;198;draw;6.0;12.0
4509;nhl09.json;204;draw;17.0;15.0
4510;nhl09.json;205;draw;15.0;21.0
4514;nhl09.json;209;draw;11.0;17.0
4515;nhl09.json;210;draw;14.0;14.0
4519;nhl09.json;214;draw;15.0;23.0
4520;nhl09.json;215;draw;13.0;14.0
4527;nhl09.json;222;draw;24.0;17.0
4530;nhl09.json;225;draw;13.0;12.0
4534;nhl09.json;229;draw;17.0;13.0
4548;nhl09.json;243;draw;16.0;17.0
4551;nhl09.json;246;draw;24.0;17.0
4554;nhl09.json;249;draw;20.0;26.0
4557;nhl09.json;252;draw;17.0;14.0
4559;nhl09.json;254;draw;28.0;20.0
4564;nhl09.json;259;draw;18.0;11.0
4568;nhl09.json;263;draw;18.0;21.0
4569;nhl09.json;264;draw;20.0;14.0
4571;nhl09.json;266;draw;7.0;18.0
4572;nhl09.json;267;draw;21.0;23.0
4575;nhl09.json;270;draw;19.0;24.0
4577;nhl09.json;272;draw;24.0;19.0
4581;nhl09.json;276;draw;13.0;20.0
4584;nhl09.json;279;draw;8.0;15.0
4586;nhl09.json;281;draw;24.0;31.0
4589;nhl09.json;284;draw;15.0;26.0
4590;nhl09.json;285;draw;22.0;18.0
4596;nhl09.json;291;draw;18.0;10.0
4603;nhl09.json;298;draw;21.0;20.0
4604;nhl09.json;299;draw;16.0;24.0
4606;nhl09.json;301;draw;21.0;28.0
4608;nhl09.json;303;draw;11.0;11.0
4610;nhl09.json;305;draw;15.0;22.0
4616;nhl09.json;311;draw;23.0;18.0
4617;nhl09.json;312;draw;25.0;22.0
4619;nhl09.json;314;draw;22.0;23.0
4620;nhl09.json;315;draw;12.0;30.0
4624;nhl09.json;319;draw;23.0;26.0
4625;nhl09.json;320;draw;22.0;24.0
4632;nhl09.json;327;draw;14.0;23.0
4634;nhl09.json;329;draw;25.0;31.0
4637;nhl09.json;332;draw;22.0;30.0
4641;nhl09.json;336;draw;17.0;28.0
4649;nhl09.json;344;draw;18.0;26.0
4650;nhl09.json;345;draw;23.0;25.0
4653;nhl09.json;348;draw;28.0;20.0
4654;nhl09.json;349;draw;31.0;27.0
4662;nhl09.json;357;draw;28.0;31.0
4668;nhl09.json;363;draw;23.0;36.0
4674;nhl09.json;369;draw;24.0;26.0
4677;nhl09.json;372;draw;25.0;34.0
4678;nhl09.json;373;draw;30.0;34.0
4679;nhl09.json;374;draw;29.0;27.0
4680;nhl09.json;375;draw;27.0;33.0
4681;nhl09.json;376;draw;32.0;21.0
4683;nhl09.json;378;draw;29.0;29.0
4685;nhl09.json;380;draw;23.0;29.0
4696;nhl09.json;391;draw;35.0;30.0
4699;nhl09.json;394;draw;23.0;31.0
4700;nhl09.json;395;draw;24.0;35.0
4704;nhl09.json;399;draw;42.0;25.0
4715;nhl09.json;410;draw;25.0;24.0
4716;nhl09.json;411;draw;36.0;27.0
4717;nhl09.json;412;draw;33.0;26.0
4722;nhl09.json;417;draw;40.0;37.0
4724;nhl09.json;419;draw;37.0;30.0
4726;nhl09.json;421;draw;26.0;31.0
4732;nhl09.json;427;draw;25.0;30.0
4739;nhl09.json;434;draw;27.0;28.0
4745;nhl09.json;440;draw;26.0;34.0
4748;nhl09.json;443;draw;43.0;39.0
4753;nhl09.json;448;draw;39.0;29.0
4758;nhl09.json;453;draw;36.0;33.0
4760;nhl09.json;455;draw;41.0;37.0
4762;nhl09.json;457;draw;44.0;19.0
4764;nhl09.json;459;draw;44.0;35.0
4766;nhl09.json;461;draw;33.0;28.0
4767;nhl09.json;462;draw;40.0;30.0
4768;nhl09.json;463;draw;41.0;31.0
4770;nhl09.json;465;draw;33.0;32.0
4773;nhl09.json;468;draw;43.0;30.0
4776;nhl09.json;471;draw;29.0;37.0
4778;nhl09.json;473;draw;38.0;35.0
4779;nhl09.json;474;draw;43.0;37.0
4786;nhl09.json;481;draw;30.0;35.0
4806;nhl09.json;501;draw;37.0;38.0
4808;nhl09.json;503;draw;31.0;47.0
4813;nhl09.json;508;draw;34.0;42.0
4821;nhl09.json;516;draw;45.0;38.0
4832;nhl09.json;527;draw;44.0;49.0
4835;nhl09.json;530;draw;39.0;35.0
4836;nhl09.json;531;draw;33.0;45.0
4858;nhl09.json;553;draw;44.0;37.0
4863;nhl09.json;558;draw;34.0;39.0
4866;nhl09.json;561;draw;39.0;35.0
4873;nhl09.json;568;draw;24.0;36.0
4874;nhl09.json;569;draw;47.0;40.0
4882;nhl09.json;577;draw;53.0;50.0
4887;nhl09.json;582;draw;35.0;43.0
4889;nhl09.json;584;draw;37.0;37.0
4892;nhl09.json;587;draw;51.0;46.0
4894;nhl09.json;589;draw;39.0;41.0
4903;nhl09.json;598;draw;39.0;47.0
4904;nhl09.json;599;draw;44.0;39.0
4908;nhl09.json;603;draw;38.0;49.0
4912;nhl09.json;607;draw;47.0;40.0
4913;nhl09.json;608;draw;53.0;57.0
4915;nhl09.json;610;draw;42.0;27.0
4918;nhl09.json;613;draw;52.0;40.0
4922;nhl09.json;617;draw;40.0;41.0
4940;nhl09.json;635;draw;36.0;54.0
4943;nhl09.json;638;draw;61.0;40.0
4949;nhl09.json;644;draw;42.0;47.0
4965;nhl09.json;660;draw;55.0;55.0
4971;nhl09.json;666;draw;47.0;61.0
4972;nhl09.json;667;draw;45.0;65.0
4975;nhl09.json;670;draw;60.0;54.0
4976;nhl09.json;671;draw;56.0;44.0
4983;nhl09.json;678;draw;57.0;56.0
4989;nhl09.json;684;draw;50.0;63.0
4994;nhl09.json;689;draw;43.0;60.0
4997;nhl09.json;692;draw;46.0;61.0
5001;nhl09.json;696;draw;67.0;51.0
5011;nhl09.json;706;draw;55.0;53.0
5012;nhl09.json;707;draw;49.0;54.0
5019;nhl09.json;714;draw;48.0;63.0
5022;nhl09.json;717;draw;55.0;70.0
5046;nhl09.json;741;draw;50.0;49.0
5047;nhl09.json;742;draw;37.0;58.0
5050;nhl09.json;745;draw;48.0;43.0
5055;nhl09.json;750;draw;52.0;50.0
5056;nhl09.json;751;draw;51.0;56.0
5057;nhl09.json;752;draw;57.0;66.0
5068;nhl09.json;763;draw;50.0;51.0
5069;nhl09.json;764;draw;51.0;53.0
5088;nhl09.json;783;draw;58.0;63.0
5095;nhl09.json;790;draw;55.0;58.0
5096;nhl09.json;791;draw;67.0;69.0
5097;nhl09.json;792;draw;78.0;76.0
5104;nhl09.json;799;draw;65.0;59.0
5106;nhl09.json;801;draw;54.0;55.0
5108;nhl09.json;803;draw;64.0;55.0
5109;nhl09.json;804;draw;70.0;44.0
5115;nhl09.json;810;draw;56.0;51.0
5117;nhl09.json;812;draw;67.0;61.0
5123;nhl09.json;818;draw;54.0;67.0
5134;nhl09.json;829;draw;63.0;71.0
5153;nhl09.json;848;draw;55.0;58.0
5159;nhl09.json;854;draw;78.0;73.0
5161;nhl09.json;856;draw;56.0;70.0
5163;nhl09.json;858;draw;86.0;71.0
5165;nhl09.json;860;draw;59.0;66.0
5181;nhl09.json;876;draw;59.0;64.0
5183;nhl09.json;878;draw;54.0;66.0
5184;nhl09.json;879;draw;81.0;63.0
5186;nhl09.json;881;draw;71.0;59.0
5189;nhl09.json;884;draw;74.0;61.0
5190;nhl09.json;885;draw;62.0;88.0
5193;nhl09.json;888;draw;72.0;58.0
5197;nhl09.json;892;draw;75.0;42.0
5199;nhl09.json;894;draw;65.0;87.0
5200;nhl09.json;895;draw;51.0;72.0
5203;nhl09.json;898;draw;74.0;59.0
5210;nhl09.json;905;draw;63.0;89.0
5211;nhl09.json;906;draw;75.0;69.0
5217;nhl09.json;912;draw;57.0;63.0
5219;nhl09.json;914;draw;59.0;83.0
5220;nhl09.json;915;draw;83.0;61.0
5236;nhl09.json;931;draw;60.0;76.0
5248;nhl09.json;943;draw;65.0;78.0
5252;nhl09.json;947;draw;65.0;49.0
5256;nhl09.json;951;draw;44.0;66.0
5260;nhl09.json;955;draw;75.0;69.0
5266;nhl09.json;961;draw;76.0;50.0
5275;nhl09.json;970;draw;66.0;77.0
5277;nhl09.json;972;draw;67.0;68.0
5278;nhl09.json;973;draw;96.0;68.0
5281;nhl09.json;976;draw;52.0;69.0
5284;nhl09.json;979;draw;67.0;62.0
5289;nhl09.json;984;draw;97.0;61.0
5291;nhl09.json;986;draw;91.0;82.0
5293;nhl09.json;988;draw;83.0;84.0
5294;nhl09.json;989;draw;54.0;65.0
5297;nhl09.json;992;draw;60.0;69.0
5298;nhl09.json;993;draw;72.0;48.0
5302;nhl09.json;997;draw;62.0;84.0
5306;nhl09.json;1001;draw;95.0;64.0
5309;nhl09.json;1004;draw;70.0;83.0
5312;nhl09.json;1007;draw;66.0;85.0
5322;nhl09.json;1017;draw;76.0;81.0
5325;nhl09.json;1020;draw;93.0;99.0
5338;nhl09.json;1033;draw;81.0;76.0
5348;nhl09.json;1043;draw;60.0;87.0
5353;nhl09.json;1048;draw;66.0;91.0
5355;nhl09.json;1050;draw;64.0;103.0
5357;nhl09.json;1052;draw;87.0;66.0
5358;nhl09.json;1053;draw;49.0;80.0
5362;nhl09.json;1057;draw;72.0;67.0
5364;nhl09.json;1059;draw;91.0;81.0
5365;nhl09.json;1060;draw;62.0;78.0
5369;nhl09.json;1064;draw;87.0;69.0
5376;nhl09.json;1071;draw;93.0;96.0
5379;nhl09.json;1074;draw;75.0;95.0
5382;nhl09.json;1077;draw;87.0;86.0
5386;nhl09.json;1081;draw;68.0;68.0
5394;nhl09.json;1089;draw;106.0;90.0
5398;nhl09.json;1093;draw;87.0;89.0
5399;nhl09.json;1094;draw;88.0;79.0
5400;nhl09.json;1095;draw;75.0;64.0
5403;nhl09.json;1098;draw;79.0;76.0
5405;nhl09.json;1100;draw;90.0;73.0
5406;nhl09.json;1101;draw;89.0;97.0
5409;nhl09.json;1104;draw;69.0;108.0
5417;nhl09.json;1112;draw;66.0;75.0
5419;nhl09.json;1114;draw;93.0;68.0
5421;nhl09.json;1116;draw;91.0;89.0
5424;nhl09.json;1119;draw;72.0;70.0
5434;nhl09.json;1129;draw;71.0;92.0
5437;nhl09.json;1132;draw;109.0;87.0
5442;nhl09.json;1137;draw;93.0;80.0
5455;nhl09.json;1150;draw;89.0;75.0
5462;nhl09.json;1157;draw;95.0;80.0
5465;nhl09.json;1160;draw;94.0;101.0
5467;nhl09.json;1162;draw;95.0;96.0
5470;nhl09.json;1165;draw;82.0;96.0
5471;nhl09.json;1166;draw;71.0;82.0
5475;nhl09.json;1170;draw;94.0;83.0
5480;nhl09.json;1175;draw;100.0;55.0
5481;nhl09.json;1176;draw;98.0;80.0
5482;nhl09.json;1177;draw;89.0;106.0
5483;nhl09.json;1178;draw;114.0;84.0
5484;nhl09.json;1179;draw;85.0;77.0
5487;nhl09.json;1182;draw;100.0;91.0
5491;nhl09.json;1186;draw;76.0;86.0
5496;nhl09.json;1191;draw;85.0;95.0
5498;nhl09.json;1193;draw;58.0;93.0
5502;nhl09.json;1197;draw;74.0;93.0
5505;nhl09.json;1200;draw;97.0;104.0
5507;nhl09.json;1202;draw;84.0;86.0
5509;nhl09.json;1204;draw;89.0;81.0
5514;nhl09.json;1209;draw;98.0;60.0
5515;nhl09.json;1210;draw;78.0;98.0
5519;nhl09.json;1214;draw;120.0;89.0
5521;nhl09.json;1216;draw;76.0;76.0
5522;nhl09.json;1217;draw;111.0;106.0
5523;nhl09.json;1218;draw;86.0;86.0
5525;nhl09.json;1220;draw;78.0;99.0
5528;nhl09.json;1223;draw;98.0;89.0
5529;nhl09.json;1224;draw;87.0;72.0
5530;nhl09.json;1225;draw;83.0;86.0
5532;nhl09.json;1227;draw;94.0;99.0
5533;nhl09.json;1228;draw;111.0;100.0
5545;nhl10.json;133;draw;10.0;5.0
5548;nhl10.json;136;draw;9.0;7.0
5555;nhl10.json;143;draw;12.0;11.0
5575;nhl10.json;163;draw;14.0;11.0
5583;nhl10.json;171;draw;9.0;15.0
5598;nhl10.json;186;draw;14.0;15.0
5599;nhl10.json;187;draw;18.0;17.0
5601;nhl10.json;189;draw;12.0;8.0
5609;nhl10.json;197;draw;14.0;16.0
5610;nhl10.json;198;draw;11.0;13.0
5614;nhl10.json;202;draw;17.0;12.0
5616;nhl10.json;204;draw;13.0;15.0
5623;nhl10.json;211;draw;9.0;10.0
5630;nhl10.json;218;draw;20.0;13.0
5631;nhl10.json;219;draw;14.0;10.0
5633;nhl10.json;221;draw;15.0;12.0
5639;nhl10.json;227;draw;10.0;10.0
5651;nhl10.json;239;draw;15.0;17.0
5655;nhl10.json;243;draw;13.0;26.0
5658;nhl10.json;246;draw;18.0;21.0
5660;nhl10.json;248;draw;19.0;19.0
5663;nhl10.json;251;draw;15.0;22.0
5673;nhl10.json;261;draw;18.0;22.0
5677;nhl10.json;265;draw;19.0;20.0
5683;nhl10.json;271;draw;18.0;21.0
5687;nhl10.json;275;draw;22.0;18.0
5688;nhl10.json;276;draw;11.0;21.0
5689;nhl10.json;277;draw;25.0;20.0
5694;nhl10.json;282;draw;19.0;11.0
5695;nhl10.json;283;draw;29.0;26.0
5702;nhl10.json;290;draw;26.0;16.0
5703;nhl10.json;291;draw;20.0;23.0
5704;nhl10.json;292;draw;19.0;19.0
5706;nhl10.json;294;draw;23.0;24.0
5723;nhl10.json;311;draw;12.0;26.0
5724;nhl10.json;312;draw;14.0;17.0
5725;nhl10.json;313;draw;21.0;25.0
5733;nhl10.json;321;draw;32.0;18.0
5742;nhl10.json;330;draw;16.0;33.0
5748;nhl10.json;336;draw;34.0;22.0
5749;nhl10.json;337;draw;28.0;18.0
5752;nhl10.json;340;draw;22.0;27.0
5764;nhl10.json;352;draw;19.0;29.0
5767;nhl10.json;355;draw;27.0;27.0
5771;nhl10.json;359;draw;31.0;18.0
5773;nhl10.json;361;draw;28.0;25.0
5787;nhl10.json;375;draw;24.0;22.0
5789;nhl10.json;377;draw;23.0;28.0
5793;nhl10.json;381;draw;20.0;30.0
5795;nhl10.json;383;draw;23.0;23.0
5799;nhl10.json;387;draw;28.0;36.0
5800;nhl10.json;388;draw;22.0;27.0
5801;nhl10.json;389;draw;31.0;25.0
5803;nhl10.json;391;draw;29.0;20.0
5807;nhl10.json;395;draw;31.0;29.0
5808;nhl10.json;396;draw;38.0;22.0
5811;nhl10.json;399;draw;29.0;33.0
5813;nhl10.json;401;draw;22.0;29.0
5814;nhl10.json;402;draw;24.0;29.0
5816;nhl10.json;404;draw;31.0;25.0
5817;nhl10.json;405;draw;31.0;31.0
5819;nhl10.json;407;draw;38.0;30.0
5832;nhl10.json;420;draw;25.0;33.0
5834;nhl10.json;422;draw;34.0;25.0
5835;nhl10.json;423;draw;32.0;26.0
5837;nhl10.json;425;draw;33.0;34.0
5839;nhl10.json;427;draw;32.0;26.0
5840;nhl10.json;428;draw;32.0;34.0
5844;nhl10.json;432;draw;32.0;28.0
5847;nhl10.json;435;draw;35.0;41.0
5852;nhl10.json;440;draw;34.0;36.0
5853;nhl10.json;441;draw;28.0;35.0
5857;nhl10.json;445;draw;27.0;33.0
5860;nhl10.json;448;draw;39.0;36.0
5861;nhl10.json;449;draw;36.0;34.0
5862;nhl10.json;450;draw;36.0;37.0
5871;nhl10.json;459;draw;38.0;30.0
5873;nhl10.json;461;draw;39.0;34.0
5878;nhl10.json;466;draw;38.0;35.0
5883;nhl10.json;471;draw;38.0;31.0
5889;nhl10.json;477;draw;17.0;35.0
5891;nhl10.json;479;draw;43.0;39.0
5914;nhl10.json;502;draw;18.0;42.0
5915;nhl10.json;503;draw;44.0;42.0
5917;nhl10.json;505;draw;44.0;48.0
5920;nhl10.json;508;draw;41.0;43.0
5923;nhl10.json;511;draw;39.0;29.0
5924;nhl10.json;512;draw;45.0;31.0
5930;nhl10.json;518;draw;43.0;45.0
5943;nhl10.json;531;draw;32.0;40.0
5944;nhl10.json;532;draw;37.0;36.0
5945;nhl10.json;533;draw;42.0;48.0
5957;nhl10.json;545;draw;24.0;52.0
5962;nhl10.json;550;draw;44.0;44.0
5967;nhl10.json;555;draw;33.0;42.0
5968;nhl10.json;556;draw;30.0;43.0
5972;nhl10.json;560;draw;52.0;26.0
5974;nhl10.json;562;draw;41.0;36.0
5977;nhl10.json;565;draw;49.0;46.0
5980;nhl10.json;568;draw;44.0;46.0
5986;nhl10.json;574;draw;34.0;45.0
5989;nhl10.json;577;draw;39.0;41.0
5995;nhl10.json;583;draw;40.0;36.0
5997;nhl10.json;585;draw;51.0;51.0
6000;nhl10.json;588;draw;45.0;36.0
6004;nhl10.json;592;draw;47.0;41.0
6008;nhl10.json;596;draw;32.0;45.0
6011;nhl10.json;599;draw;45.0;55.0
6020;nhl10.json;608;draw;52.0;49.0
6021;nhl10.json;609;draw;47.0;30.0
6022;nhl10.json;610;draw;45.0;37.0
6023;nhl10.json;611;draw;39.0;55.0
6026;nhl10.json;614;draw;59.0;57.0
6032;nhl10.json;620;draw;47.0;48.0
6034;nhl10.json;622;draw;44.0;50.0
6035;nhl10.json;623;draw;46.0;39.0
6045;nhl10.json;633;draw;32.0;60.0
6047;nhl10.json;635;draw;38.0;54.0
6050;nhl10.json;638;draw;46.0;40.0
6070;nhl10.json;658;draw;43.0;59.0
6073;nhl10.json;661;draw;40.0;43.0
6076;nhl10.json;664;draw;52.0;51.0
6079;nhl10.json;667;draw;42.0;26.0
6080;nhl10.json;668;draw;60.0;45.0
6091;nhl10.json;679;draw;53.0;45.0
6092;nhl10.json;680;draw;44.0;51.0
6094;nhl10.json;682;draw;57.0;46.0
6097;nhl10.json;685;draw;63.0;57.0
6098;nhl10.json;686;draw;40.0;54.0
6100;nhl10.json;688;draw;52.0;64.0
6102;nhl10.json;690;draw;43.0;55.0
6105;nhl10.json;693;draw;45.0;47.0
6107;nhl10.json;695;draw;53.0;59.0
6108;nhl10.json;696;draw;65.0;51.0
6110;nhl10.json;698;draw;50.0;62.0
6121;nhl10.json;709;draw;46.0;61.0
6126;nhl10.json;714;draw;54.0;57.0
6127;nhl10.json;715;draw;66.0;48.0
6135;nhl10.json;723;draw;58.0;56.0
6138;nhl10.json;726;draw;35.0;58.0
6139;nhl10.json;727;draw;62.0;59.0
6148;nhl10.json;736;draw;41.0;49.0
6156;nhl10.json;744;draw;53.0;55.0
6163;nhl10.json;751;draw;63.0;59.0
6164;nhl10.json;752;draw;43.0;49.0
6167;nhl10.json;755;draw;61.0;66.0
6169;nhl10.json;757;draw;60.0;54.0
6170;nhl10.json;758;draw;55.0;55.0
6190;nhl10.json;778;draw;39.0;50.0
6196;nhl10.json;784;draw;69.0;53.0
6202;nhl10.json;790;draw;56.0;57.0
6203;nhl10.json;791;draw;58.0;58.0
6216;nhl10.json;804;draw;42.0;58.0
6222;nhl10.json;810;draw;65.0;63.0
6226;nhl10.json;814;draw;51.0;44.0
6227;nhl10.json;815;draw;72.0;60.0
6229;nhl10.json;817;draw;65.0;41.0
6230;nhl10.json;818;draw;52.0;55.0
6233;nhl10.json;821;draw;56.0;61.0
6237;nhl10.json;825;draw;66.0;60.0
6239;nhl10.json;827;draw;63.0;64.0
6243;nhl10.json;831;draw;71.0;61.0
6252;nhl10.json;840;draw;57.0;45.0
6253;nhl10.json;841;draw;65.0;61.0
6258;nhl10.json;846;draw;73.0;77.0
6259;nhl10.json;847;draw;44.0;47.0
6260;nhl10.json;848;draw;67.0;66.0
6261;nhl10.json;849;draw;68.0;58.0
6267;nhl10.json;855;draw;61.0;65.0
6268;nhl10.json;856;draw;56.0;74.0
6275;nhl10.json;863;draw;64.0;67.0
6289;nhl10.json;877;draw;56.0;45.0
6290;nhl10.json;878;draw;74.0;55.0
6296;nhl10.json;884;draw;67.0;78.0
6297;nhl10.json;885;draw;64.0;76.0
6307;nhl10.json;895;draw;83.0;73.0
6312;nhl10.json;900;draw;64.0;66.0
6315;nhl10.json;903;draw;77.0;74.0
6321;nhl10.json;909;draw;84.0;53.0
6326;nhl10.json;914;draw;60.0;57.0
6334;nhl10.json;922;draw;70.0;76.0
6336;nhl10.json;924;draw;68.0;70.0
6337;nhl10.json;925;draw;61.0;61.0
6339;nhl10.json;927;draw;62.0;78.0
6346;nhl10.json;934;draw;64.0;80.0
6348;nhl10.json;936;draw;70.0;75.0
6354;nhl10.json;942;draw;76.0;54.0
6355;nhl10.json;943;draw;87.0;68.0
6357;nhl10.json;945;draw;78.0;59.0
6360;nhl10.json;948;draw;48.0;72.0
6363;nhl10.json;951;draw;63.0;80.0
6367;nhl10.json;955;draw;71.0;84.0
6377;nhl10.json;965;draw;69.0;67.0
6382;nhl10.json;970;draw;60.0;81.0
6386;nhl10.json;974;draw;73.0;74.0
6387;nhl10.json;975;draw;63.0;59.0
6392;nhl10.json;980;draw;59.0;62.0
6393;nhl10.json;981;draw;60.0;80.0
6395;nhl10.json;983;draw;83.0;82.0
6396;nhl10.json;984;draw;76.0;85.0
6397;nhl10.json;985;draw;74.0;70.0
6400;nhl10.json;988;draw;81.0;82.0
6401;nhl10.json;989;draw;65.0;69.0
6402;nhl10.json;990;draw;76.0;77.0
6403;nhl10.json;991;draw;82.0;75.0
6406;nhl10.json;994;draw;60.0;67.0
6411;nhl10.json;999;draw;78.0;93.0
6413;nhl10.json;1001;draw;82.0;80.0
6415;nhl10.json;1003;draw;79.0;79.0
6416;nhl10.json;1004;draw;70.0;67.0
6417;nhl10.json;1005;draw;71.0;65.0
6421;nhl10.json;1009;draw;84.0;95.0
6424;nhl10.json;1012;draw;84.0;72.0
6426;nhl10.json;1014;draw;67.0;64.0
6431;nhl10.json;1019;draw;86.0;54.0
6435;nhl10.json;1023;draw;88.0;81.0
6438;nhl10.json;1026;draw;85.0;74.0
6440;nhl10.json;1028;draw;90.0;68.0
6441;nhl10.json;1029;draw;66.0;64.0
6443;nhl10.json;1031;draw;63.0;84.0
6459;nhl10.json;1047;draw;73.0;85.0
6466;nhl10.json;1054;draw;70.0;93.0
6469;nhl10.json;1057;draw;80.0;87.0
6470;nhl10.json;1058;draw;83.0;87.0
6480;nhl10.json;1068;draw;77.0;74.0
6481;nhl10.json;1069;draw;74.0;65.0
6485;nhl10.json;1073;draw;61.0;88.0
6488;nhl10.json;1076;draw;85.0;81.0
6489;nhl10.json;1077;draw;67.0;66.0
6490;nhl10.json;1078;draw;55.0;60.0
6491;nhl10.json;1079;draw;84.0;94.0
6493;nhl10.json;1081;draw;76.0;84.0
6496;nhl10.json;1084;draw;83.0;83.0
6497;nhl10.json;1085;draw;86.0;83.0
6498;nhl10.json;1086;draw;94.0;90.0
6500;nhl10.json;1088;draw;96.0;94.0
6505;nhl10.json;1093;draw;62.0;76.0
6511;nhl10.json;1099;draw;85.0;85.0
6514;nhl10.json;1102;draw;97.0;92.0
6515;nhl10.json;1103;draw;84.0;63.0
6518;nhl10.json;1106;draw;88.0;94.0
6524;nhl10.json;1112;draw;94.0;72.0
6529;nhl10.json;1117;draw;74.0;67.0
6530;nhl10.json;1118;draw;96.0;68.0
6535;nhl10.json;1123;draw;56.0;85.0
6543;nhl10.json;1131;draw;97.0;88.0
6545;nhl10.json;1133;draw;98.0;80.0
6548;nhl10.json;1136;draw;77.0;78.0
6553;nhl10.json;1141;draw;77.0;69.0
6555;nhl10.json;1143;draw;93.0;86.0
6561;nhl10.json;1149;draw;99.0;79.0
6570;nhl10.json;1158;draw;96.0;80.0
6573;nhl10.json;1161;draw;94.0;98.0
6576;nhl10.json;1164;draw;80.0;90.0
6578;nhl10.json;1166;draw;95.0;64.0
6579;nhl10.json;1167;draw;101.0;87.0
6582;nhl10.json;1170;draw;102.0;87.0
6589;nhl10.json;1177;draw;86.0;88.0
6595;nhl10.json;1183;draw;84.0;103.0
6600;nhl10.json;1188;draw;91.0;92.0
6606;nhl10.json;1194;draw;96.0;96.0
6607;nhl10.json;1195;draw;93.0;84.0
6613;nhl10.json;1201;draw;72.0;93.0
6619;nhl10.json;1207;draw;72.0;102.0
6624;nhl10.json;1212;draw;92.0;103.0
6637;nhl10.json;1225;draw;66.0;61.0
6640;nhl10.json;1228;draw;93.0;115.0
6643;nhl11.json;124;draw;16.0;6.0
6654;nhl11.json;135;draw;8.0;10.0
6663;nhl11.json;144;draw;7.0;10.0
6671;nhl11.json;152;draw;10.0;13.0
6676;nhl11.json;157;draw;12.0;7.0
6677;nhl11.json;158;draw;14.0;11.0
6678;nhl11.json;159;draw;14.0;11.0
6679;nhl11.json;160;draw;10.0;11.0
6686;nhl11.json;167;draw;12.0;18.0
6687;nhl11.json;168;draw;15.0;9.0
6688;nhl11.json;169;draw;11.0;12.0
6692;nhl11.json;173;draw;13.0;16.0
6696;nhl11.json;177;draw;12.0;18.0
6699;nhl11.json;180;draw;16.0;14.0
6703;nhl11.json;184;draw;14.0;14.0
6705;nhl11.json;186;draw;14.0;14.0
6708;nhl11.json;189;draw;11.0;11.0
6710;nhl11.json;191;draw;14.0;19.0
6711;nhl11.json;192;draw;14.0;14.0
6728;nhl11.json;209;draw;16.0;12.0
6729;nhl11.json;210;draw;16.0;18.0
6733;nhl11.json;214;draw;14.0;19.0
6737;nhl11.json;218;draw;15.0;10.0
6739;nhl11.json;220;draw;16.0;12.0
6747;nhl11.json;228;draw;20.0;15.0
6751;nhl11.json;232;draw;18.0;14.0
6763;nhl11.json;244;draw;16.0;20.0
6765;nhl11.json;246;draw;21.0;19.0
6776;nhl11.json;257;draw;19.0;15.0
6787;nhl11.json;268;draw;18.0;7.0
6797;nhl11.json;278;draw;23.0;8.0
6799;nhl11.json;280;draw;25.0;21.0
6805;nhl11.json;286;draw;19.0;21.0
6818;nhl11.json;299;draw;23.0;19.0
6820;nhl11.json;301;draw;27.0;22.0
6821;nhl11.json;302;draw;13.0;25.0
6822;nhl11.json;303;draw;21.0;12.0
6826;nhl11.json;307;draw;24.0;25.0
6828;nhl11.json;309;draw;19.0;21.0
6829;nhl11.json;310;draw;24.0;24.0
6835;nhl11.json;316;draw;26.0;25.0
6841;nhl11.json;322;draw;27.0;20.0
6842;nhl11.json;323;draw;26.0;26.0
6849;nhl11.json;330;draw;23.0;30.0
6872;nhl11.json;353;draw;26.0;31.0
6879;nhl11.json;360;draw;27.0;24.0
6883;nhl11.json;364;draw;21.0;15.0
6887;nhl11.json;368;draw;23.0;30.0
6888;nhl11.json;369;draw;31.0;18.0
6890;nhl11.json;371;draw;18.0;29.0
6892;nhl11.json;373;draw;25.0;26.0
6909;nhl11.json;390;draw;35.0;29.0
6912;nhl11.json;393;draw;32.0;25.0
6917;nhl11.json;398;draw;27.0;17.0
6922;nhl11.json;403;draw;29.0;33.0
6926;nhl11.json;407;draw;33.0;24.0
6927;nhl11.json;408;draw;23.0;36.0
6928;nhl11.json;409;draw;27.0;29.0
6929;nhl11.json;410;draw;28.0;33.0
6932;nhl11.json;413;draw;19.0;28.0
6939;nhl11.json;420;draw;30.0;36.0
6952;nhl11.json;433;draw;38.0;31.0
6956;nhl11.json;437;draw;33.0;22.0
6961;nhl11.json;442;draw;37.0;31.0
6962;nhl11.json;443;draw;20.0;37.0
6963;nhl11.json;444;draw;27.0;32.0
6964;nhl11.json;445;draw;32.0;30.0
6967;nhl11.json;448;draw;43.0;40.0
6970;nhl11.json;451;draw;26.0;30.0
6982;nhl11.json;463;draw;38.0;31.0
6989;nhl11.json;470;draw;36.0;39.0
6991;nhl11.json;472;draw;44.0;24.0
6992;nhl11.json;473;draw;40.0;25.0
7000;nhl11.json;481;draw;35.0;32.0
7003;nhl11.json;484;draw;31.0;43.0
7005;nhl11.json;486;draw;34.0;26.0
7020;nhl11.json;501;draw;36.0;42.0
7023;nhl11.json;504;draw;34.0;23.0
7028;nhl11.json;509;draw;39.0;36.0
7031;nhl11.json;512;draw;37.0;35.0
7033;nhl11.json;514;draw;35.0;30.0
7034;nhl11.json;515;draw;26.0;38.0
7052;nhl11.json;533;draw;22.0;38.0
7055;nhl11.json;536;draw;41.0;46.0
7057;nhl11.json;538;draw;40.0;45.0
7059;nhl11.json;540;draw;39.0;47.0
7060;nhl11.json;541;draw;39.0;41.0
7067;nhl11.json;548;draw;30.0;40.0
7071;nhl11.json;552;draw;46.0;42.0
7072;nhl11.json;553;draw;39.0;40.0
7084;nhl11.json;565;draw;37.0;41.0
7088;nhl11.json;569;draw;50.0;42.0
7089;nhl11.json;570;draw;43.0;43.0
7090;nhl11.json;571;draw;44.0;43.0
7096;nhl11.json;577;draw;32.0;32.0
7107;nhl11.json;588;draw;52.0;47.0
7109;nhl11.json;590;draw;45.0;42.0
7112;nhl11.json;593;draw;50.0;47.0
7128;nhl11.json;609;draw;40.0;43.0
7130;nhl11.json;611;draw;52.0;51.0
7135;nhl11.json;616;draw;37.0;55.0
7137;nhl11.json;618;draw;56.0;45.0
7140;nhl11.json;621;draw;48.0;50.0
7148;nhl11.json;629;draw;35.0;48.0
7151;nhl11.json;632;draw;55.0;57.0
7154;nhl11.json;635;draw;50.0;47.0
7155;nhl11.json;636;draw;49.0;47.0
7156;nhl11.json;637;draw;53.0;46.0
7158;nhl11.json;639;draw;45.0;32.0
7164;nhl11.json;645;draw;55.0;57.0
7171;nhl11.json;652;draw;56.0;50.0
7174;nhl11.json;655;draw;39.0;54.0
7181;nhl11.json;662;draw;36.0;52.0
7186;nhl11.json;667;draw;50.0;57.0
7189;nhl11.json;670;draw;59.0;53.0
7192;nhl11.json;673;draw;55.0;47.0
7193;nhl11.json;674;draw;50.0;39.0
7197;nhl11.json;678;draw;49.0;59.0
7200;nhl11.json;681;draw;50.0;51.0
7210;nhl11.json;691;draw;55.0;48.0
7212;nhl11.json;693;draw;49.0;61.0
7214;nhl11.json;695;draw;54.0;42.0
7219;nhl11.json;700;draw;61.0;62.0
7221;nhl11.json;702;draw;49.0;52.0
7224;nhl11.json;705;draw;56.0;52.0
7225;nhl11.json;706;draw;60.0;62.0
7226;nhl11.json;707;draw;42.0;42.0
7231;nhl11.json;712;draw;63.0;31.0
7237;nhl11.json;718;draw;38.0;57.0
7241;nhl11.json;722;draw;62.0;40.0
7243;nhl11.json;724;draw;64.0;58.0
7245;nhl11.json;726;draw;44.0;53.0
7246;nhl11.json;727;draw;54.0;43.0
7247;nhl11.json;728;draw;54.0;61.0
7254;nhl11.json;735;draw;64.0;64.0
7255;nhl11.json;736;draw;46.0;55.0
7257;nhl11.json;738;draw;60.0;55.0
7258;nhl11.json;739;draw;63.0;50.0
7259;nhl11.json;740;draw;55.0;66.0
7270;nhl11.json;751;draw;47.0;67.0
7272;nhl11.json;753;draw;66.0;69.0
7273;nhl11.json;754;draw;48.0;52.0
7282;nhl11.json;763;draw;60.0;47.0
7285;nhl11.json;766;draw;54.0;67.0
7288;nhl11.json;769;draw;45.0;32.0
7293;nhl11.json;774;draw;49.0;48.0
7297;nhl11.json;778;draw;45.0;71.0
7298;nhl11.json;779;draw;54.0;57.0
7303;nhl11.json;784;draw;46.0;54.0
7307;nhl11.json;788;draw;66.0;50.0
7310;nhl11.json;791;draw;68.0;69.0
7311;nhl11.json;792;draw;49.0;64.0
7318;nhl11.json;799;draw;48.0;49.0
7319;nhl11.json;800;draw;60.0;56.0
7322;nhl11.json;803;draw;71.0;51.0
7324;nhl11.json;805;draw;65.0;69.0
7328;nhl11.json;809;draw;58.0;57.0
7332;nhl11.json;813;draw;63.0;47.0
7333;nhl11.json;814;draw;52.0;62.0
7335;nhl11.json;816;draw;74.0;50.0
7336;nhl11.json;817;draw;57.0;50.0
7337;nhl11.json;818;draw;52.0;58.0
7338;nhl11.json;819;draw;68.0;69.0
7340;nhl11.json;821;draw;71.0;59.0
7344;nhl11.json;825;draw;58.0;73.0
7353;nhl11.json;834;draw;74.0;62.0
7366;nhl11.json;847;draw;55.0;70.0
7368;nhl11.json;849;draw;49.0;62.0
7369;nhl11.json;850;draw;54.0;68.0
7373;nhl11.json;854;draw;58.0;58.0
7375;nhl11.json;856;draw;59.0;62.0
7379;nhl11.json;860;draw;68.0;57.0
7385;nhl11.json;866;draw;54.0;56.0
7394;nhl11.json;875;draw;65.0;61.0
7396;nhl11.json;877;draw;79.0;40.0
7403;nhl11.json;884;draw;64.0;71.0
7404;nhl11.json;885;draw;64.0;72.0
7413;nhl11.json;894;draw;67.0;65.0
7419;nhl11.json;900;draw;76.0;79.0
7420;nhl11.json;901;draw;65.0;61.0
7422;nhl11.json;903;draw;84.0;82.0
7424;nhl11.json;905;draw;57.0;60.0
7425;nhl11.json;906;draw;65.0;69.0
7426;nhl11.json;907;draw;67.0;81.0
7429;nhl11.json;910;draw;58.0;81.0
7434;nhl11.json;915;draw;59.0;74.0
7439;nhl11.json;920;draw;82.0;61.0
7445;nhl11.json;926;draw;68.0;86.0
7446;nhl11.json;927;draw;58.0;68.0
7447;nhl11.json;928;draw;66.0;73.0
7455;nhl11.json;936;draw;67.0;60.0
7463;nhl11.json;944;draw;73.0;87.0
7465;nhl11.json;946;draw;70.0;77.0
7472;nhl11.json;953;draw;58.0;65.0
7475;nhl11.json;956;draw;77.0;74.0
7478;nhl11.json;959;draw;64.0;88.0
7493;nhl11.json;974;draw;61.0;66.0
7498;nhl11.json;979;draw;69.0;73.0
7502;nhl11.json;983;draw;69.0;62.0
7507;nhl11.json;988;draw;73.0;56.0
7515;nhl11.json;996;draw;68.0;64.0
7516;nhl11.json;997;draw;70.0;68.0
7524;nhl11.json;1005;draw;77.0;74.0
7527;nhl11.json;1008;draw;75.0;66.0
7528;nhl11.json;1009;draw;85.0;74.0
7530;nhl11.json;1011;draw;74.0;58.0
7536;nhl11.json;1017;draw;67.0;83.0
7540;nhl11.json;1021;draw;80.0;70.0
7548;nhl11.json;1029;draw;91.0;65.0
7550;nhl11.json;1031;draw;81.0;74.0
7552;nhl11.json;1033;draw;76.0;68.0
7553;nhl11.json;1034;draw;72.0;64.0
7554;nhl11.json;1035;draw;78.0;87.0
7558;nhl11.json;1039;draw;66.0;76.0
7562;nhl11.json;1043;draw;82.0;97.0
7563;nhl11.json;1044;draw;76.0;77.0
7566;nhl11.json;1047;draw;65.0;81.0
7568;nhl11.json;1049;draw;74.0;78.0
7571;nhl11.json;1052;draw;78.0;89.0
7574;nhl11.json;1055;draw;85.0;80.0
7579;nhl11.json;1060;draw;82.0;67.0
7584;nhl11.json;1065;draw;83.0;89.0
7588;nhl11.json;1069;draw;80.0;91.0
7589;nhl11.json;1070;draw;90.0;93.0
7592;nhl11.json;1073;draw;68.0;67.0
7594;nhl11.json;1075;draw;81.0;75.0
7596;nhl11.json;1077;draw;63.0;81.0
7598;nhl11.json;1079;draw;80.0;51.0
7612;nhl11.json;1093;draw;83.0;83.0
7614;nhl11.json;1095;draw;83.0;81.0
7615;nhl11.json;1096;draw;97.0;92.0
7616;nhl11.json;1097;draw;90.0;94.0
7620;nhl11.json;1101;draw;71.0;66.0
7623;nhl11.json;1104;draw;92.0;80.0
7624;nhl11.json;1105;draw;70.0;82.0
7625;nhl11.json;1106;draw;84.0;100.0
7628;nhl11.json;1109;draw;81.0;76.0
7630;nhl11.json;1111;draw;89.0;72.0
7632;nhl11.json;1113;draw;85.0;67.0
7636;nhl11.json;1117;draw;74.0;99.0
7638;nhl11.json;1119;draw;84.0;86.0
7643;nhl11.json;1124;draw;86.0;71.0
7646;nhl11.json;1127;draw;85.0;97.0
7662;nhl11.json;1143;draw;90.0;92.0
7663;nhl11.json;1144;draw;71.0;87.0
7675;nhl11.json;1156;draw;72.0;89.0
7676;nhl11.json;1157;draw;93.0;105.0
7677;nhl11.json;1158;draw;93.0;84.0
7680;nhl11.json;1161;draw;98.0;88.0
7686;nhl11.json;1167;draw;77.0;78.0
7689;nhl11.json;1170;draw;86.0;72.0
7690;nhl11.json;1171;draw;105.0;85.0
7692;nhl11.json;1173;draw;77.0;80.0
7698;nhl11.json;1179;draw;74.0;90.0
7699;nhl11.json;1180;draw;97.0;90.0
7703;nhl11.json;1184;draw;97.0;76.0
7707;nhl11.json;1188;draw;107.0;77.0
7711;nhl11.json;1192;draw;98.0;78.0
7712;nhl11.json;1193;draw;91.0;81.0
7714;nhl11.json;1195;draw;86.0;77.0
7717;nhl11.json;1198;draw;106.0;99.0
7720;nhl11.json;1201;draw;78.0;81.0
7726;nhl11.json;1207;draw;79.0;98.0
7727;nhl11.json;1208;draw;93.0;92.0
7728;nhl11.json;1209;draw;73.0;78.0
7731;nhl11.json;1212;draw;80.0;75.0
7736;nhl11.json;1217;draw;101.0;99.0
7738;nhl11.json;1219;draw;100.0;88.0
7739;nhl11.json;1220;draw;83.0;82.0
7741;nhl11.json;1222;draw;94.0;94.0
7753;nhl13.json;127;draw;12.0;15.0
7754;nhl13.json;128;draw;8.0;6.0
7756;nhl13.json;130;draw;8.0;11.0
7759;nhl13.json;133;draw;6.0;12.0
7764;nhl13.json;138;draw;10.0;14.0
7766;nhl13.json;140;draw;5.0;13.0
7767;nhl13.json;141;draw;11.0;9.0
7774;nhl13.json;148;draw;11.0;15.0
7787;nhl13.json;161;draw;7.0;14.0
7788;nhl13.json;162;draw;13.0;4.0
7789;nhl13.json;163;draw;8.0;10.0
7794;nhl13.json;168;draw;14.0;7.0
7811;nhl13.json;185;draw;16.0;21.0
7814;nhl13.json;188;draw;14.0;20.0
7815;nhl13.json;189;draw;18.0;13.0
7819;nhl13.json;193;draw;10.0;11.0
7822;nhl13.json;196;draw;11.0;20.0
7825;nhl13.json;199;draw;12.0;8.0
7828;nhl13.json;202;draw;22.0;20.0
7829;nhl13.json;203;draw;11.0;12.0
7839;nhl13.json;213;draw;21.0;12.0
7843;nhl13.json;217;draw;23.0;5.0
7844;nhl13.json;218;draw;16.0;18.0
7846;nhl13.json;220;draw;9.0;8.0
7848;nhl13.json;222;draw;11.0;8.0
7849;nhl13.json;223;draw;16.0;14.0
7850;nhl13.json;224;draw;22.0;21.0
7855;nhl13.json;229;draw;16.0;21.0
7862;nhl13.json;236;draw;20.0;16.0
7867;nhl13.json;241;draw;20.0;12.0
7874;nhl13.json;248;draw;21.0;22.0
7877;nhl13.json;251;draw;15.0;22.0
7879;nhl13.json;253;draw;24.0;18.0
7880;nhl13.json;254;draw;16.0;24.0
7888;nhl13.json;262;draw;19.0;12.0
7889;nhl13.json;263;draw;24.0;26.0
7893;nhl13.json;267;draw;19.0;24.0
7895;nhl13.json;269;draw;22.0;18.0
7897;nhl13.json;271;draw;14.0;25.0
7898;nhl13.json;272;draw;7.0;22.0
7900;nhl13.json;274;draw;24.0;22.0
7902;nhl13.json;276;draw;24.0;27.0
7906;nhl13.json;280;draw;28.0;28.0
7908;nhl13.json;282;draw;23.0;13.0
7909;nhl13.json;283;draw;20.0;15.0
7915;nhl13.json;289;draw;23.0;21.0
7916;nhl13.json;290;draw;14.0;20.0
7917;nhl13.json;291;draw;18.0;31.0
7922;nhl13.json;296;draw;17.0;24.0
7934;nhl13.json;308;draw;22.0;15.0
7937;nhl13.json;311;draw;25.0;14.0
7949;nhl13.json;323;draw;17.0;17.0
7950;nhl13.json;324;draw;32.0;19.0
7955;nhl13.json;329;draw;31.0;21.0
7959;nhl13.json;333;draw;29.0;31.0
7960;nhl13.json;334;draw;31.0;30.0
7961;nhl13.json;335;draw;23.0;32.0
7965;nhl13.json;339;draw;18.0;16.0
7966;nhl13.json;340;draw;30.0;20.0
7967;nhl13.json;341;draw;33.0;28.0
7969;nhl13.json;343;draw;27.0;25.0
7975;nhl13.json;349;draw;32.0;32.0
7980;nhl13.json;354;draw;28.0;33.0
7988;nhl13.json;362;draw;32.0;30.0
7992;nhl13.json;366;draw;35.0;35.0
7993;nhl13.json;367;draw;31.0;29.0
8003;nhl13.json;377;draw;26.0;28.0
8014;nhl13.json;388;draw;26.0;40.0
8017;nhl13.json;391;draw;11.0;30.0
8018;nhl13.json;392;draw;39.0;39.0
8020;nhl13.json;394;draw;19.0;28.0
8021;nhl13.json;395;draw;25.0;13.0
8022;nhl13.json;396;draw;28.0;24.0
8026;nhl13.json;400;draw;36.0;34.0
8030;nhl13.json;404;draw;27.0;18.0
8037;nhl13.json;411;draw;20.0;37.0
8043;nhl13.json;417;draw;40.0;38.0
8044;nhl13.json;418;draw;27.0;35.0
8047;nhl13.json;421;draw;31.0;30.0
8057;nhl13.json;431;draw;35.0;36.0
8061;nhl13.json;435;draw;44.0;41.0
8065;nhl13.json;439;draw;35.0;30.0
8067;nhl13.json;441;draw;26.0;33.0
8068;nhl13.json;442;draw;30.0;28.0
8071;nhl13.json;445;draw;22.0;24.0
8081;nhl13.json;455;draw;27.0;28.0
8084;nhl13.json;458;draw;34.0;36.0
8085;nhl13.json;459;draw;43.0;21.0
8088;nhl13.json;462;draw;23.0;37.0
8089;nhl13.json;463;draw;23.0;31.0
8094;nhl13.json;468;draw;14.0;29.0
8098;nhl13.json;472;draw;32.0;40.0
8099;nhl13.json;473;draw;37.0;38.0
8107;nhl13.json;481;draw;26.0;32.0
8113;nhl13.json;487;draw;25.0;36.0
8114;nhl13.json;488;draw;16.0;28.0
8115;nhl13.json;489;draw;37.0;31.0
8118;nhl13.json;492;draw;23.0;41.0
8123;nhl13.json;497;draw;31.0;45.0
8124;nhl13.json;498;draw;42.0;41.0
8126;nhl13.json;500;draw;31.0;30.0
8131;nhl13.json;505;draw;32.0;47.0
8137;nhl13.json;511;draw;24.0;41.0
8140;nhl13.json;514;draw;43.0;45.0
8146;nhl13.json;520;draw;33.0;49.0
8148;nhl13.json;522;draw;37.0;41.0
8155;nhl13.json;529;draw;39.0;31.0
8161;nhl13.json;535;draw;34.0;42.0
8163;nhl13.json;537;draw;34.0;53.0
8164;nhl13.json;538;draw;52.0;47.0
8165;nhl13.json;539;draw;55.0;46.0
8167;nhl13.json;541;draw;39.0;35.0
8168;nhl13.json;542;draw;39.0;41.0
8169;nhl13.json;543;draw;45.0;35.0
8170;nhl13.json;544;draw;48.0;39.0
8172;nhl13.json;546;draw;35.0;45.0
8179;nhl13.json;553;draw;50.0;48.0
8182;nhl13.json;556;draw;36.0;40.0
8190;nhl13.json;564;draw;32.0;52.0
8191;nhl13.json;565;draw;21.0;44.0
8194;nhl13.json;568;draw;41.0;23.0
8195;nhl13.json;569;draw;37.0;36.0
8198;nhl13.json;572;draw;36.0;55.0
8201;nhl13.json;575;draw;45.0;52.0
8202;nhl13.json;576;draw;49.0;47.0
8203;nhl13.json;577;draw;53.0;60.0
8209;nhl13.json;583;draw;29.0;38.0
8210;nhl13.json;584;draw;24.0;44.0
8211;nhl13.json;585;draw;59.0;46.0
8216;nhl13.json;590;draw;44.0;55.0
8218;nhl13.json;592;draw;49.0;39.0
8220;nhl13.json;594;draw;50.0;40.0
8224;nhl13.json;598;draw;35.0;40.0
8228;nhl13.json;602;draw;45.0;45.0
8231;nhl13.json;605;draw;37.0;49.0
8234;nhl13.json;608;draw;47.0;30.0
8237;nhl13.json;611;draw;45.0;39.0
8241;nhl13.json;615;draw;33.0;63.0
8245;nhl13.json;619;draw;54.0;40.0
8257;nhl13.json;631;draw;52.0;43.0
8260;nhl13.json;634;draw;36.0;41.0
8265;nhl13.json;639;draw;66.0;58.0
8267;nhl13.json;641;draw;65.0;53.0
8268;nhl13.json;642;draw;44.0;40.0
8273;nhl13.json;647;draw;54.0;63.0
8275;nhl13.json;649;draw;42.0;46.0
8277;nhl13.json;651;draw;56.0;49.0
8282;nhl13.json;656;draw;56.0;45.0
8291;nhl13.json;665;draw;28.0;38.0
8297;nhl13.json;671;draw;33.0;65.0
8299;nhl13.json;673;draw;58.0;39.0
8301;nhl13.json;675;draw;50.0;29.0
8303;nhl13.json;677;draw;45.0;40.0
8304;nhl13.json;678;draw;44.0;46.0
8305;nhl13.json;679;draw;55.0;67.0
8310;nhl13.json;684;draw;47.0;47.0
8320;nhl13.json;694;draw;51.0;62.0
8328;nhl13.json;702;draw;70.0;61.0
8331;nhl13.json;705;draw;49.0;31.0
8334;nhl13.json;708;draw;60.0;43.0
8336;nhl13.json;710;draw;52.0;47.0
8337;nhl13.json;711;draw;50.0;57.0
8342;nhl13.json;716;draw;63.0;50.0
8345;nhl13.json;719;draw;47.0;35.0
8350;nhl13.json;724;draw;57.0;38.0
8355;nhl13.json;729;draw;57.0;49.0
8356;nhl13.json;730;draw;50.0;63.0
8357;nhl13.json;731;draw;73.0;62.0
8360;nhl13.json;734;draw;32.0;50.0
8363;nhl13.json;737;draw;45.0;55.0
8381;nhl13.json;755;draw;52.0;75.0
8384;nhl13.json;758;draw;63.0;53.0
8394;nhl13.json;768;draw;49.0;73.0
8400;nhl13.json;774;draw;41.0;53.0
8401;nhl13.json;775;draw;51.0;59.0
8403;nhl13.json;777;draw;72.0;61.0
8407;nhl13.json;781;draw;56.0;47.0
8410;nhl13.json;784;draw;61.0;57.0
8425;nhl13.json;799;draw;43.0;76.0
8426;nhl13.json;800;draw;35.0;54.0
8436;nhl13.json;810;draw;56.0;55.0
8445;nhl13.json;819;draw;56.0;57.0
8446;nhl13.json;820;draw;63.0;67.0
8448;nhl13.json;822;draw;57.0;56.0
8452;nhl13.json;826;draw;57.0;59.0
8454;nhl13.json;828;draw;77.0;58.0
8455;nhl13.json;829;draw;74.0;79.0
8458;nhl13.json;832;draw;47.0;64.0
8462;nhl13.json;836;draw;78.0;58.0
8463;nhl13.json;837;draw;58.0;75.0
8469;nhl13.json;843;draw;79.0;59.0
8477;nhl13.json;851;draw;76.0;59.0
8482;nhl13.json;856;draw;80.0;75.0
8488;nhl13.json;862;draw;67.0;59.0
8489;nhl13.json;863;draw;66.0;62.0
8491;nhl13.json;865;draw;82.0;61.0
8493;nhl13.json;867;draw;82.0;65.0
8495;nhl13.json;869;draw;59.0;46.0
8508;nhl13.json;882;draw;70.0;64.0
8510;nhl13.json;884;draw;40.0;78.0
8511;nhl13.json;885;draw;62.0;64.0
8512;nhl13.json;886;draw;83.0;71.0
8516;nhl13.json;890;draw;52.0;70.0
8523;nhl13.json;897;draw;65.0;71.0
8534;nhl13.json;908;draw;67.0;68.0
8538;nhl13.json;912;draw;73.0;71.0
8539;nhl13.json;913;draw;47.0;51.0
8549;nhl13.json;923;draw;66.0;54.0
8551;nhl13.json;925;draw;84.0;61.0
8560;nhl13.json;934;draw;69.0;72.0
8562;nhl13.json;936;draw;91.0;75.0
8567;nhl13.json;941;draw;50.0;56.0
8568;nhl13.json;942;draw;68.0;85.0
8579;nhl13.json;953;draw;92.0;86.0
8582;nhl13.json;956;draw;74.0;72.0
8583;nhl13.json;957;draw;73.0;85.0
8590;nhl13.json;964;draw;75.0;92.0
8595;nhl13.json;969;draw;74.0;69.0
8596;nhl13.json;970;draw;67.0;62.0
8597;nhl13.json;971;draw;87.0;67.0
8600;nhl13.json;974;draw;94.0;72.0
8604;nhl13.json;978;draw;76.0;52.0
8609;nhl13.json;983;draw;68.0;68.0
8617;nhl13.json;991;draw;73.0;91.0
8625;nhl13.json;999;draw;71.0;54.0
8626;nhl13.json;1000;draw;74.0;59.0
8637;nhl13.json;1011;draw;77.0;68.0
8638;nhl13.json;1012;draw;79.0;74.0
8640;nhl13.json;1014;draw;57.0;70.0
8652;nhl13.json;1026;draw;77.0;92.0
8662;nhl13.json;1036;draw;71.0;93.0
8669;nhl13.json;1043;draw;71.0;82.0
8671;nhl13.json;1045;draw;82.0;76.0
8673;nhl13.json;1047;draw;75.0;94.0
8675;nhl13.json;1049;draw;95.0;85.0
8686;nhl13.json;1060;draw;99.0;77.0
8694;nhl13.json;1068;draw;79.0;83.0
8697;nhl13.json;1071;draw;86.0;69.0
8699;nhl13.json;1073;draw;82.0;79.0
8701;nhl13.json;1075;draw;65.0;100.0
8702;nhl13.json;1076;draw;103.0;85.0
8703;nhl13.json;1077;draw;79.0;88.0
8706;nhl13.json;1080;draw;72.0;94.0
8708;nhl13.json;1082;draw;60.0;71.0
8716;nhl13.json;1090;draw;87.0;65.0
8720;nhl13.json;1094;draw;75.0;82.0
8724;nhl13.json;1098;draw;96.0;78.0
8729;nhl13.json;1103;draw;59.0;101.0
8737;nhl13.json;1111;draw;85.0;108.0
8739;nhl13.json;1113;draw;66.0;76.0
8743;nhl13.json;1117;draw;73.0;80.0
8744;nhl13.json;1118;draw;48.0;89.0
8747;nhl13.json;1121;draw;75.0;80.0
8749;nhl13.json;1123;draw;76.0;74.0
8752;nhl13.json;1126;draw;104.0;75.0
8757;nhl13.json;1131;draw;107.0;86.0
8761;nhl13.json;1135;draw;82.0;100.0
8762;nhl13.json;1136;draw;49.0;79.0
8763;nhl13.json;1137;draw;84.0;76.0
8769;nhl13.json;1143;draw;82.0;110.0
8774;nhl13.json;1148;draw;102.0;90.0
8775;nhl13.json;1149;draw;99.0;89.0
8779;nhl13.json;1153;draw;72.0;81.0
8785;nhl13.json;1159;draw;85.0;61.0
8800;nhl13.json;1174;draw;106.0;103.0
8808;nhl13.json;1182;draw;94.0;113.0
8811;nhl13.json;1185;draw;87.0;81.0
8812;nhl13.json;1186;draw;87.0;86.0
8814;nhl13.json;1188;draw;105.0;88.0
8816;nhl13.json;1190;draw;105.0;97.0
8817;nhl13.json;1191;draw;75.0;96.0
8819;nhl13.json;1193;draw;80.0;114.0
8822;nhl13.json;1196;draw;82.0;84.0
8833;nhl13.json;1207;draw;107.0;91.0
8834;nhl13.json;1208;draw;85.0;75.0
8839;nhl13.json;1213;draw;89.0;99.0
8841;nhl13.json;1215;draw;93.0;81.0
8845;nhl13.json;1219;draw;98.0;95.0
8846;nhl13.json;1220;draw;99.0;112.0
8849;nhl13.json;1223;draw;51.0;77.0
8852;nhl13.json;1226;draw;108.0;86.0
8855;nhl13.json;1229;draw;114.0;111.0
8860;nhl14.json;127;draw;8.0;13.0
8862;nhl14.json;129;draw;10.0;7.0
8864;nhl14.json;131;draw;7.0;11.0
8866;nhl14.json;133;draw;11.0;14.0
8870;nhl14.json;137;draw;12.0;16.0
8874;nhl14.json;141;draw;11.0;11.0
8875;nhl14.json;142;draw;10.0;8.0
8876;nhl14.json;143;draw;10.0;13.0
8879;nhl14.json;146;draw;4.0;10.0
8881;nhl14.json;148;draw;11.0;16.0
8886;nhl14.json;153;draw;11.0;10.0
8889;nhl14.json;156;draw;10.0;9.0
8896;nhl14.json;163;draw;5.0;14.0
8903;nhl14.json;170;draw;11.0;13.0
8905;nhl14.json;172;draw;10.0;16.0
8914;nhl14.json;181;draw;14.0;11.0
8916;nhl14.json;183;draw;12.0;15.0
8917;nhl14.json;184;draw;7.0;17.0
8918;nhl14.json;185;draw;20.0;12.0
8919;nhl14.json;186;draw;15.0;17.0
8925;nhl14.json;192;draw;16.0;14.0
8927;nhl14.json;194;draw;11.0;13.0
8932;nhl14.json;199;draw;8.0;8.0
8934;nhl14.json;201;draw;21.0;11.0
8935;nhl14.json;202;draw;13.0;10.0
8939;nhl14.json;206;draw;16.0;16.0
8948;nhl14.json;215;draw;18.0;21.0
8950;nhl14.json;217;draw;22.0;20.0
8954;nhl14.json;221;draw;22.0;17.0
8962;nhl14.json;229;draw;17.0;23.0
8965;nhl14.json;232;draw;23.0;19.0
8968;nhl14.json;235;draw;16.0;13.0
8972;nhl14.json;239;draw;13.0;18.0
8979;nhl14.json;246;draw;20.0;25.0
8980;nhl14.json;247;draw;14.0;20.0
8986;nhl14.json;253;draw;23.0;17.0
8990;nhl14.json;257;draw;18.0;20.0
9007;nhl14.json;274;draw;24.0;26.0
9010;nhl14.json;277;draw;17.0;17.0
9014;nhl14.json;281;draw;26.0;27.0
9016;nhl14.json;283;draw;22.0;17.0
9024;nhl14.json;291;draw;27.0;24.0
9027;nhl14.json;294;draw;13.0;24.0
9032;nhl14.json;299;draw;23.0;18.0
9035;nhl14.json;302;draw;26.0;19.0
9039;nhl14.json;306;draw;26.0;20.0
9044;nhl14.json;311;draw;28.0;18.0
9047;nhl14.json;314;draw;26.0;28.0
9049;nhl14.json;316;draw;29.0;22.0
9050;nhl14.json;317;draw;28.0;26.0
9053;nhl14.json;320;draw;20.0;19.0
9057;nhl14.json;324;draw;30.0;24.0
9058;nhl14.json;325;draw;30.0;21.0
9066;nhl14.json;333;draw;30.0;14.0
9068;nhl14.json;335;draw;30.0;15.0
9071;nhl14.json;338;draw;21.0;29.0
9073;nhl14.json;340;draw;22.0;24.0
9076;nhl14.json;343;draw;27.0;27.0
9082;nhl14.json;349;draw;33.0;16.0
9083;nhl14.json;350;draw;26.0;32.0
9098;nhl14.json;365;draw;34.0;24.0
9103;nhl14.json;370;draw;18.0;36.0
9104;nhl14.json;371;draw;28.0;16.0
9107;nhl14.json;374;draw;35.0;19.0
9114;nhl14.json;381;draw;26.0;16.0
9117;nhl14.json;384;draw;34.0;23.0
9125;nhl14.json;392;draw;32.0;39.0
9136;nhl14.json;403;draw;25.0;37.0
9139;nhl14.json;406;draw;26.0;38.0
9144;nhl14.json;411;draw;26.0;37.0
9148;nhl14.json;415;draw;20.0;22.0
9151;nhl14.json;418;draw;39.0;33.0
9153;nhl14.json;420;draw;30.0;22.0
9159;nhl14.json;426;draw;24.0;35.0
9167;nhl14.json;434;draw;40.0;29.0
9168;nhl14.json;435;draw;31.0;27.0
9172;nhl14.json;439;draw;35.0;35.0
9177;nhl14.json;444;draw;24.0;41.0
9178;nhl14.json;445;draw;26.0;40.0
9179;nhl14.json;446;draw;24.0;31.0
9180;nhl14.json;447;draw;23.0;31.0
9184;nhl14.json;451;draw;40.0;27.0
9185;nhl14.json;452;draw;26.0;29.0
9190;nhl14.json;457;draw;40.0;32.0
9192;nhl14.json;459;draw;32.0;33.0
9193;nhl14.json;460;draw;41.0;26.0
9196;nhl14.json;463;draw;24.0;19.0
9199;nhl14.json;466;draw;33.0;33.0
9201;nhl14.json;468;draw;44.0;27.0
9202;nhl14.json;469;draw;27.0;34.0
9205;nhl14.json;472;draw;28.0;34.0
9209;nhl14.json;476;draw;28.0;43.0
9213;nhl14.json;480;draw;38.0;36.0
9215;nhl14.json;482;draw;40.0;44.0
9220;nhl14.json;487;draw;34.0;42.0
9221;nhl14.json;488;draw;29.0;45.0
9222;nhl14.json;489;draw;21.0;34.0
9224;nhl14.json;491;draw;40.0;30.0
9226;nhl14.json;493;draw;20.0;31.0
9227;nhl14.json;494;draw;42.0;30.0
9229;nhl14.json;496;draw;35.0;28.0
9232;nhl14.json;499;draw;40.0;37.0
9233;nhl14.json;500;draw;36.0;48.0
9235;nhl14.json;502;draw;49.0;42.0
9239;nhl14.json;506;draw;30.0;22.0
9250;nhl14.json;517;draw;34.0;45.0
9253;nhl14.json;520;draw;35.0;43.0
9259;nhl14.json;526;draw;29.0;46.0
9260;nhl14.json;527;draw;28.0;51.0
9261;nhl14.json;528;draw;51.0;42.0
9266;nhl14.json;533;draw;47.0;42.0
9269;nhl14.json;536;draw;50.0;48.0
9277;nhl14.json;544;draw;40.0;48.0
9278;nhl14.json;545;draw;21.0;43.0
9285;nhl14.json;552;draw;34.0;34.0
9286;nhl14.json;553;draw;43.0;23.0
9288;nhl14.json;555;draw;41.0;43.0
9294;nhl14.json;561;draw;46.0;51.0
9295;nhl14.json;562;draw;36.0;24.0
9299;nhl14.json;566;draw;42.0;37.0
9309;nhl14.json;576;draw;26.0;43.0
9314;nhl14.json;581;draw;52.0;41.0
9315;nhl14.json;582;draw;56.0;53.0
9318;nhl14.json;585;draw;35.0;39.0
9322;nhl14.json;589;draw;40.0;47.0
9328;nhl14.json;595;draw;53.0;44.0
9333;nhl14.json;600;draw;37.0;49.0
9334;nhl14.json;601;draw;56.0;42.0
9344;nhl14.json;611;draw;37.0;53.0
9351;nhl14.json;618;draw;53.0;30.0
9353;nhl14.json;620;draw;54.0;54.0
9354;nhl14.json;621;draw;47.0;47.0
9359;nhl14.json;626;draw;58.0;49.0
9369;nhl14.json;636;draw;31.0;44.0
9378;nhl14.json;645;draw;57.0;55.0
9393;nhl14.json;660;draw;60.0;47.0
9395;nhl14.json;662;draw;53.0;49.0
9400;nhl14.json;667;draw;50.0;64.0
9401;nhl14.json;668;draw;49.0;29.0
9406;nhl14.json;673;draw;56.0;36.0
9414;nhl14.json;681;draw;51.0;51.0
9416;nhl14.json;683;draw;56.0;31.0
9418;nhl14.json;685;draw;43.0;58.0
9419;nhl14.json;686;draw;56.0;44.0
9420;nhl14.json;687;draw;59.0;64.0
9421;nhl14.json;688;draw;61.0;45.0
9426;nhl14.json;693;draw;59.0;60.0
9428;nhl14.json;695;draw;48.0;56.0
9432;nhl14.json;699;draw;45.0;37.0
9434;nhl14.json;701;draw;65.0;50.0
9442;nhl14.json;709;draw;42.0;47.0
9446;nhl14.json;713;draw;62.0;67.0
9457;nhl14.json;724;draw;44.0;62.0
9458;nhl14.json;725;draw;65.0;59.0
9461;nhl14.json;728;draw;39.0;64.0
9475;nhl14.json;742;draw;60.0;35.0
9479;nhl14.json;746;draw;57.0;60.0
9480;nhl14.json;747;draw;68.0;68.0
9486;nhl14.json;753;draw;53.0;53.0
9488;nhl14.json;755;draw;70.0;40.0
9493;nhl14.json;760;draw;51.0;65.0
9500;nhl14.json;767;draw;44.0;41.0
9501;nhl14.json;768;draw;61.0;64.0
9502;nhl14.json;769;draw;64.0;74.0
9515;nhl14.json;782;draw;64.0;54.0
9518;nhl14.json;785;draw;56.0;74.0
9529;nhl14.json;796;draw;68.0;45.0
9530;nhl14.json;797;draw;64.0;58.0
9534;nhl14.json;801;draw;76.0;73.0
9535;nhl14.json;802;draw;71.0;54.0
9539;nhl14.json;806;draw;63.0;66.0
9541;nhl14.json;808;draw;69.0;61.0
9543;nhl14.json;810;draw;51.0;70.0
9546;nhl14.json;813;draw;73.0;39.0
9554;nhl14.json;821;draw;49.0;55.0
9559;nhl14.json;826;draw;74.0;50.0
9562;nhl14.json;829;draw;59.0;76.0
9563;nhl14.json;830;draw;71.0;66.0
9565;nhl14.json;832;draw;72.0;72.0
9571;nhl14.json;838;draw;68.0;41.0
9578;nhl14.json;845;draw;65.0;63.0
9583;nhl14.json;850;draw;51.0;35.0
9587;nhl14.json;854;draw;42.0;64.0
9589;nhl14.json;856;draw;74.0;72.0
9590;nhl14.json;857;draw;67.0;63.0
9594;nhl14.json;861;draw;58.0;36.0
9595;nhl14.json;862;draw;73.0;67.0
9597;nhl14.json;864;draw;78.0;62.0
9599;nhl14.json;866;draw;74.0;79.0
9601;nhl14.json;868;draw;59.0;84.0
9608;nhl14.json;875;draw;51.0;70.0
9616;nhl14.json;883;draw;62.0;74.0
9620;nhl14.json;887;draw;76.0;55.0
9624;nhl14.json;891;draw;38.0;85.0
9626;nhl14.json;893;draw;81.0;76.0
9635;nhl14.json;902;draw;75.0;64.0
9641;nhl14.json;908;draw;73.0;80.0
9653;nhl14.json;920;draw;59.0;67.0
9656;nhl14.json;923;draw;63.0;63.0
9670;nhl14.json;937;draw;73.0;84.0
9677;nhl14.json;944;draw;65.0;70.0
9679;nhl14.json;946;draw;73.0;64.0
9682;nhl14.json;949;draw;64.0;84.0
9686;nhl14.json;953;draw;81.0;84.0
9693;nhl14.json;960;draw;72.0;87.0
9694;nhl14.json;961;draw;69.0;66.0
9695;nhl14.json;962;draw;71.0;72.0
9696;nhl14.json;963;draw;47.0;75.0
9700;nhl14.json;967;draw;81.0;46.0
9702;nhl14.json;969;draw;72.0;68.0
9711;nhl14.json;978;draw;74.0;83.0
9712;nhl14.json;979;draw;70.0;87.0
9717;nhl14.json;984;draw;69.0;76.0
9718;nhl14.json;985;draw;83.0;85.0
9720;nhl14.json;987;draw;57.0;88.0
9721;nhl14.json;988;draw;72.0;85.0
9723;nhl14.json;990;draw;49.0;89.0
9728;nhl14.json;995;draw;90.0;88.0
9731;nhl14.json;998;draw;57.0;58.0
9733;nhl14.json;1000;draw;58.0;43.0
9736;nhl14.json;1003;draw;89.0;69.0
9742;nhl14.json;1009;draw;71.0;66.0
9744;nhl14.json;1011;draw;78.0;90.0
9752;nhl14.json;1019;draw;62.0;47.0
9768;nhl14.json;1035;draw;75.0;72.0
9773;nhl14.json;1040;draw;44.0;84.0
9777;nhl14.json;1044;draw;93.0;83.0
9780;nhl14.json;1047;draw;60.0;77.0
9782;nhl14.json;1049;draw;82.0;45.0
9784;nhl14.json;1051;draw;50.0;64.0
9785;nhl14.json;1052;draw;95.0;81.0
9786;nhl14.json;1053;draw;82.0;95.0
9799;nhl14.json;1066;draw;83.0;68.0
9801;nhl14.json;1068;draw;97.0;77.0
9808;nhl14.json;1075;draw;78.0;83.0
9809;nhl14.json;1076;draw;51.0;73.0
9810;nhl14.json;1077;draw;87.0;96.0
9812;nhl14.json;1079;draw;61.0;95.0
9825;nhl14.json;1092;draw;90.0;97.0
9827;nhl14.json;1094;draw;92.0;89.0
9828;nhl14.json;1095;draw;96.0;99.0
9829;nhl14.json;1096;draw;89.0;50.0
9833;nhl14.json;1100;draw;86.0;80.0
9835;nhl14.json;1102;draw;88.0;73.0
9843;nhl14.json;1110;draw;47.0;52.0
9844;nhl14.json;1111;draw;84.0;99.0
9847;nhl14.json;1114;draw;76.0;80.0
9854;nhl14.json;1121;draw;90.0;82.0
9855;nhl14.json;1122;draw;60.0;85.0
9861;nhl14.json;1128;draw;100.0;84.0
9865;nhl14.json;1132;draw;64.0;87.0
9867;nhl14.json;1134;draw;93.0;82.0
9878;nhl14.json;1145;draw;102.0;93.0
9879;nhl14.json;1146;draw;92.0;86.0
9880;nhl14.json;1147;draw;76.0;74.0
9887;nhl14.json;1154;draw;88.0;101.0
9888;nhl14.json;1155;draw;102.0;94.0
9893;nhl14.json;1160;draw;78.0;95.0
9897;nhl14.json;1164;draw;75.0;103.0
9900;nhl14.json;1167;draw;67.0;79.0
9904;nhl14.json;1171;draw;90.0;96.0
9907;nhl14.json;1174;draw;103.0;84.0
9908;nhl14.json;1175;draw;95.0;93.0
9914;nhl14.json;1181;draw;93.0;64.0
9916;nhl14.json;1183;draw;65.0;92.0
9918;nhl14.json;1185;draw;95.0;92.0
9920;nhl14.json;1187;draw;107.0;82.0
9925;nhl14.json;1192;draw;93.0;95.0
9936;nhl14.json;1203;draw;104.0;77.0
9941;nhl14.json;1208;draw;106.0;97.0
9944;nhl14.json;1211;draw;86.0;96.0
9953;nhl14.json;1220;draw;99.0;61.0
9954;nhl14.json;1221;draw;67.0;108.0
9955;nhl14.json;1222;draw;106.0;95.0
9956;nhl14.json;1223;draw;100.0;87.0
9966;nhl15.json;126;draw;9.0;4.0
9975;nhl15.json;135;draw;8.0;4.0
9981;nhl15.json;141;draw;13.0;6.0
9983;nhl15.json;143;draw;14.0;11.0
9986;nhl15.json;146;draw;11.0;14.0
9988;nhl15.json;148;draw;12.0;15.0
9998;nhl15.json;158;draw;15.0;15.0
10000;nhl15.json;160;draw;11.0;14.0
10015;nhl15.json;175;draw;22.0;12.0
10022;nhl15.json;182;draw;14.0;17.0
10023;nhl15.json;183;draw;6.0;12.0
10026;nhl15.json;186;draw;14.0;17.0
10030;nhl15.json;190;draw;7.0;10.0
10033;nhl15.json;193;draw;6.0;13.0
10042;nhl15.json;202;draw;18.0;7.0
10045;nhl15.json;205;draw;15.0;16.0
10050;nhl15.json;210;draw;10.0;16.0
10054;nhl15.json;214;draw;12.0;13.0
10067;nhl15.json;227;draw;18.0;27.0
10068;nhl15.json;228;draw;13.0;10.0
10073;nhl15.json;233;draw;20.0;10.0
10078;nhl15.json;238;draw;12.0;20.0
10081;nhl15.json;241;draw;22.0;11.0
10083;nhl15.json;243;draw;19.0;26.0
10087;nhl15.json;247;draw;18.0;15.0
10093;nhl15.json;253;draw;26.0;22.0
10095;nhl15.json;255;draw;13.0;13.0
10096;nhl15.json;256;draw;16.0;16.0
10101;nhl15.json;261;draw;20.0;17.0
10103;nhl15.json;263;draw;28.0;19.0
10108;nhl15.json;268;draw;15.0;22.0
10115;nhl15.json;275;draw;12.0;21.0
10116;nhl15.json;276;draw;19.0;23.0
10119;nhl15.json;279;draw;25.0;17.0
10121;nhl15.json;281;draw;16.0;20.0
10130;nhl15.json;290;draw;14.0;16.0
10131;nhl15.json;291;draw;15.0;23.0
10136;nhl15.json;296;draw;27.0;22.0
10140;nhl15.json;300;draw;19.0;30.0
10149;nhl15.json;309;draw;18.0;21.0
10150;nhl15.json;310;draw;17.0;17.0
10157;nhl15.json;317;draw;23.0;26.0
10159;nhl15.json;319;draw;24.0;30.0
10164;nhl15.json;324;draw;24.0;23.0
10170;nhl15.json;330;draw;19.0;27.0
10173;nhl15.json;333;draw;20.0;26.0
10175;nhl15.json;335;draw;23.0;36.0
10176;nhl15.json;336;draw;20.0;25.0
10177;nhl15.json;337;draw;25.0;15.0
10178;nhl15.json;338;draw;34.0;24.0
10179;nhl15.json;339;draw;18.0;26.0
10181;nhl15.json;341;draw;23.0;17.0
10186;nhl15.json;346;draw;27.0;16.0
10188;nhl15.json;348;draw;38.0;24.0
10189;nhl15.json;349;draw;25.0;36.0
10190;nhl15.json;350;draw;27.0;28.0
10191;nhl15.json;351;draw;27.0;22.0
10204;nhl15.json;364;draw;29.0;25.0
10205;nhl15.json;365;draw;28.0;22.0
10207;nhl15.json;367;draw;18.0;38.0
10209;nhl15.json;369;draw;30.0;36.0
10210;nhl15.json;370;draw;18.0;27.0
10213;nhl15.json;373;draw;29.0;29.0
10220;nhl15.json;380;draw;26.0;37.0
10221;nhl15.json;381;draw;32.0;33.0
10222;nhl15.json;382;draw;28.0;25.0
10224;nhl15.json;384;draw;20.0;41.0
10225;nhl15.json;385;draw;20.0;28.0
10226;nhl15.json;386;draw;20.0;28.0
10233;nhl15.json;393;draw;31.0;34.0
10235;nhl15.json;395;draw;32.0;30.0
10245;nhl15.json;405;draw;23.0;32.0
10247;nhl15.json;407;draw;38.0;34.0
10248;nhl15.json;408;draw;23.0;31.0
10250;nhl15.json;410;draw;27.0;35.0
10253;nhl15.json;413;draw;23.0;35.0
10258;nhl15.json;418;draw;24.0;28.0
10267;nhl15.json;427;draw;32.0;37.0
10268;nhl15.json;428;draw;32.0;37.0
10273;nhl15.json;433;draw;27.0;33.0
10281;nhl15.json;441;draw;24.0;39.0
10282;nhl15.json;442;draw;26.0;39.0
10283;nhl15.json;443;draw;25.0;39.0
10284;nhl15.json;444;draw;29.0;26.0
10291;nhl15.json;451;draw;35.0;28.0
10293;nhl15.json;453;draw;25.0;33.0
10294;nhl15.json;454;draw;30.0;28.0
10297;nhl15.json;457;draw;35.0;28.0
10305;nhl15.json;465;draw;26.0;31.0
10321;nhl15.json;481;draw;38.0;30.0
10323;nhl15.json;483;draw;31.0;40.0
10329;nhl15.json;489;draw;38.0;32.0
10331;nhl15.json;491;draw;27.0;34.0
10333;nhl15.json;493;draw;40.0;36.0
10337;nhl15.json;497;draw;42.0;33.0
10347;nhl15.json;507;draw;42.0;29.0
10350;nhl15.json;510;draw;40.0;39.0
10357;nhl15.json;517;draw;35.0;32.0
10359;nhl15.json;519;draw;46.0;54.0
10365;nhl15.json;525;draw;34.0;42.0
10370;nhl15.json;530;draw;35.0;35.0
10375;nhl15.json;535;draw;39.0;43.0
10382;nhl15.json;542;draw;48.0;42.0
10393;nhl15.json;553;draw;37.0;33.0
10399;nhl15.json;559;draw;38.0;46.0
10405;nhl15.json;565;draw;37.0;36.0
10407;nhl15.json;567;draw;33.0;39.0
10410;nhl15.json;570;draw;40.0;46.0
10414;nhl15.json;574;draw;43.0;59.0
10416;nhl15.json;576;draw;31.0;58.0
10418;nhl15.json;578;draw;37.0;43.0
10423;nhl15.json;583;draw;50.0;42.0
10425;nhl15.json;585;draw;35.0;38.0
10427;nhl15.json;587;draw;42.0;50.0
10437;nhl15.json;597;draw;41.0;51.0
10443;nhl15.json;603;draw;49.0;39.0
10445;nhl15.json;605;draw;60.0;40.0
10448;nhl15.json;608;draw;48.0;63.0
10454;nhl15.json;614;draw;39.0;52.0
10456;nhl15.json;616;draw;41.0;44.0
10458;nhl15.json;618;draw;44.0;46.0
10460;nhl15.json;620;draw;54.0;53.0
10462;nhl15.json;622;draw;33.0;41.0
10469;nhl15.json;629;draw;42.0;56.0
10479;nhl15.json;639;draw;43.0;45.0
10480;nhl15.json;640;draw;46.0;37.0
10485;nhl15.json;645;draw;41.0;45.0
10488;nhl15.json;648;draw;44.0;38.0
10492;nhl15.json;652;draw;48.0;51.0
10494;nhl15.json;654;draw;48.0;46.0
10495;nhl15.json;655;draw;45.0;51.0
10498;nhl15.json;658;draw;47.0;44.0
10504;nhl15.json;664;draw;57.0;49.0
10505;nhl15.json;665;draw;46.0;62.0
10507;nhl15.json;667;draw;53.0;46.0
10509;nhl15.json;669;draw;39.0;42.0
10513;nhl15.json;673;draw;53.0;46.0
10518;nhl15.json;678;draw;48.0;48.0
10523;nhl15.json;683;draw;53.0;48.0
10533;nhl15.json;693;draw;41.0;48.0
10546;nhl15.json;706;draw;51.0;63.0
10550;nhl15.json;710;draw;42.0;50.0
10556;nhl15.json;716;draw;53.0;38.0
10558;nhl15.json;718;draw;53.0;61.0
10564;nhl15.json;724;draw;54.0;51.0
10576;nhl15.json;736;draw;73.0;48.0
10589;nhl15.json;749;draw;57.0;43.0
10596;nhl15.json;756;draw;51.0;43.0
10597;nhl15.json;757;draw;45.0;57.0
10604;nhl15.json;764;draw;57.0;69.0
10605;nhl15.json;765;draw;46.0;58.0
10606;nhl15.json;766;draw;53.0;72.0
10609;nhl15.json;769;draw;54.0;61.0
10610;nhl15.json;770;draw;58.0;76.0
10621;nhl15.json;781;draw;54.0;56.0
10622;nhl15.json;782;draw;67.0;57.0
10625;nhl15.json;785;draw;60.0;47.0
10630;nhl15.json;790;draw;68.0;49.0
10635;nhl15.json;795;draw;55.0;71.0
10636;nhl15.json;796;draw;47.0;60.0
10646;nhl15.json;806;draw;60.0;51.0
10652;nhl15.json;812;draw;48.0;59.0
10654;nhl15.json;814;draw;62.0;58.0
10655;nhl15.json;815;draw;57.0;61.0
10656;nhl15.json;816;draw;67.0;67.0
10659;nhl15.json;819;draw;64.0;60.0
10660;nhl15.json;820;draw;57.0;61.0
10667;nhl15.json;827;draw;49.0;51.0
10671;nhl15.json;831;draw;76.0;60.0
10679;nhl15.json;839;draw;61.0;77.0
10680;nhl15.json;840;draw;70.0;63.0
10685;nhl15.json;845;draw;73.0;79.0
10686;nhl15.json;846;draw;56.0;52.0
10689;nhl15.json;849;draw;52.0;66.0
10696;nhl15.json;856;draw;64.0;53.0
10697;nhl15.json;857;draw;75.0;69.0
10700;nhl15.json;860;draw;66.0;86.0
10702;nhl15.json;862;draw;72.0;65.0
10707;nhl15.json;867;draw;58.0;60.0
10712;nhl15.json;872;draw;49.0;61.0
10713;nhl15.json;873;draw;60.0;67.0
10714;nhl15.json;874;draw;64.0;70.0
10722;nhl15.json;882;draw;72.0;68.0
10727;nhl15.json;887;draw;60.0;65.0
10736;nhl15.json;896;draw;69.0;55.0
10739;nhl15.json;899;draw;66.0;69.0
10751;nhl15.json;911;draw;55.0;71.0
10759;nhl15.json;919;draw;58.0;77.0
10761;nhl15.json;921;draw;72.0;50.0
10778;nhl15.json;938;draw;82.0;73.0
10782;nhl15.json;942;draw;66.0;81.0
10786;nhl15.json;946;draw;57.0;53.0
10790;nhl15.json;950;draw;76.0;65.0
10791;nhl15.json;951;draw;56.0;75.0
10797;nhl15.json;957;draw;75.0;67.0
10809;nhl15.json;969;draw;60.0;70.0
10812;nhl15.json;972;draw;80.0;68.0
10819;nhl15.json;979;draw;78.0;98.0
10823;nhl15.json;983;draw;52.0;61.0
10826;nhl15.json;986;draw;80.0;79.0
10828;nhl15.json;988;draw;58.0;76.0
10829;nhl15.json;989;draw;82.0;100.0
10831;nhl15.json;991;draw;82.0;81.0
10833;nhl15.json;993;draw;66.0;87.0
10836;nhl15.json;996;draw;69.0;69.0
10838;nhl15.json;998;draw;62.0;62.0
10839;nhl15.json;999;draw;53.0;81.0
10840;nhl15.json;1000;draw;85.0;87.0
10841;nhl15.json;1001;draw;82.0;102.0
10843;nhl15.json;1003;draw;59.0;80.0
10849;nhl15.json;1009;draw;83.0;71.0
10852;nhl15.json;1012;draw;77.0;84.0
10856;nhl15.json;1016;draw;63.0;73.0
10864;nhl15.json;1024;draw;84.0;71.0
10865;nhl15.json;1025;draw;83.0;75.0
10867;nhl15.json;1027;draw;90.0;89.0
10876;nhl15.json;1036;draw;103.0;74.0
10879;nhl15.json;1039;draw;80.0;84.0
10881;nhl15.json;1041;draw;72.0;74.0
10888;nhl15.json;1048;draw;65.0;70.0
10894;nhl15.json;1054;draw;89.0;87.0
10902;nhl15.json;1062;draw;75.0;75.0
10904;nhl15.json;1064;draw;65.0;76.0
10907;nhl15.json;1067;draw;63.0;85.0
10921;nhl15.json;1081;draw;90.0;77.0
10932;nhl15.json;1092;draw;66.0;82.0
10939;nhl15.json;1099;draw;63.0;89.0
10942;nhl15.json;1102;draw;87.0;66.0
10952;nhl15.json;1112;draw;79.0;109.0
10959;nhl15.json;1119;draw;76.0;90.0
10964;nhl15.json;1124;draw;78.0;87.0
10968;nhl15.json;1128;draw;94.0;90.0
10972;nhl15.json;1132;draw;85.0;68.0
10979;nhl15.json;1139;draw;92.0;72.0
10980;nhl15.json;1140;draw;89.0;81.0
10987;nhl15.json;1147;draw;87.0;113.0
10999;nhl15.json;1159;draw;69.0;95.0
11011;nhl15.json;1171;draw;91.0;92.0
11025;nhl15.json;1185;draw;116.0;95.0
11033;nhl15.json;1193;draw;72.0;97.0
11034;nhl15.json;1194;draw;90.0;84.0
11035;nhl15.json;1195;draw;98.0;72.0
11039;nhl15.json;1199;draw;117.0;102.0
11041;nhl15.json;1201;draw;91.0;67.0
11045;nhl15.json;1205;draw;94.0;77.0
11048;nhl15.json;1208;draw;101.0;105.0
11057;nhl15.json;1217;draw;73.0;69.0
11060;nhl15.json;1220;draw;99.0;79.0
11064;nhl15.json;1224;draw;101.0;76.0
11067;nhl15.json;1227;draw;74.0;102.0
